1.019236999563872814e-01,0.000000000000000000e+00,2.719530306638631245e+01
1.016500999685376883e-01,0.000000000000000000e+00,2.719542273958274592e+01
1.020814999938011169e-01,6.099999999999999645e+00,2.716789790440265406e+01
1.019806999247521162e-01,2.000000000000000000e+00,2.711356627322108892e+01
1.019771001301705837e-01,3.200000000000000178e+00,2.706727668083996363e+01
1.019786000251770020e-01,4.099999999999999645e+00,2.706564912536844503e+01
1.020478999707847834e-01,6.299999999999999822e+00,2.706418911237193470e+01
1.021453000139445066e-01,5.299999999999999822e+00,2.706339926927546102e+01
1.020770999602973461e-01,9.000000000000000222e-01,2.702290185960179869e+01
1.021094999741762877e-01,5.900000000000000355e+00,2.701055158572969361e+01
1.018854000139981508e-01,2.700000000000000178e+00,2.695815866033037267e+01
1.016587000340223312e-01,6.500000000000000000e+00,2.693549255692554922e+01
1.021616999059915543e-01,4.200000000000000178e+00,2.687003131847550819e+01
1.019921000115573406e-01,4.000000000000000000e+00,2.681115210582940023e+01
1.020422999281436205e-01,5.099999999999999645e+00,2.679525950534281264e+01
1.018113999161869287e-01,6.200000000000000178e+00,2.675524078845488773e+01
1.017082000616937876e-01,6.200000000000000178e+00,2.670923841174520774e+01
1.020907000638544559e-01,5.900000000000000355e+00,2.666919576021799543e+01
1.016878001391887665e-01,5.799999999999999822e+00,2.666548589112850465e+01
1.017371001653373241e-01,4.500000000000000000e+00,2.688518194514419690e+01
1.019411999732255936e-01,1.100000000000000089e+00,2.705552477295002944e+01
1.016800000797957182e-01,0.000000000000000000e+00,2.705578805398218378e+01
1.022643998730927706e-01,0.000000000000000000e+00,2.705588379253932985e+01
1.018749000504612923e-01,3.799999999999999822e+00,2.712385816811451278e+01
1.015677000395953655e-01,0.000000000000000000e+00,2.712421718770382029e+01
1.021881999913603067e-01,0.000000000000000000e+00,2.712428899162168250e+01
1.022911998443305492e-01,0.000000000000000000e+00,2.712792705679331107e+01
1.017325001303106546e-01,0.000000000000000000e+00,2.713484416754726070e+01
1.018536000046879053e-01,0.000000000000000000e+00,2.713484416754726070e+01
1.021516998298466206e-01,0.000000000000000000e+00,2.713484416754726070e+01
1.025640000589191914e-01,9.000000000000000222e-01,2.713484416754726070e+01
1.024223999120295048e-01,0.000000000000000000e+00,2.714161767046549656e+01
1.021796001587063074e-01,0.000000000000000000e+00,2.715131119937674242e+01
1.026607998646795750e-01,1.100000000000000089e+00,2.715131119937674242e+01
1.023896001279354095e-01,0.000000000000000000e+00,2.715131119937674242e+01
1.025794998276978731e-01,9.000000000000000222e-01,2.715131119937674242e+01
1.021145000122487545e-01,0.000000000000000000e+00,2.715131119937674242e+01
1.017803999129682779e-01,9.000000000000000222e-01,2.715822831013069560e+01
1.021179999224841595e-01,0.000000000000000000e+00,2.714867838905517061e+01
1.020921000745147467e-01,0.000000000000000000e+00,2.714877412761232023e+01
1.024869999382644892e-01,9.000000000000000222e-01,2.714877412761232023e+01
1.025525000877678394e-01,0.000000000000000000e+00,2.714937249359449112e+01
1.023521001916378736e-01,1.000000000000000000e+00,2.714937249359449112e+01
1.023206999525427818e-01,0.000000000000000000e+00,2.714937249359449112e+01
1.024541999213397503e-01,0.000000000000000000e+00,2.724645139054270970e+01
1.022598999552428722e-01,9.000000000000000222e-01,2.724645139054270970e+01
1.017805000301450491e-01,0.000000000000000000e+00,2.724860550807853699e+01
1.025934999343007803e-01,1.100000000000000089e+00,2.724922780869999883e+01
1.021975998301059008e-01,0.000000000000000000e+00,2.724532646249621592e+01
1.021619001403450966e-01,0.000000000000000000e+00,2.724707369116416800e+01
1.026111999526619911e-01,0.000000000000000000e+00,2.724716942972131761e+01
1.016042998526245356e-01,1.000000000000000000e+00,2.724716942972131761e+01
1.022827001288533211e-01,0.000000000000000000e+00,2.724745664539275936e+01
1.023605000227689743e-01,0.000000000000000000e+00,2.724745664539275936e+01
1.023947999347001314e-01,0.000000000000000000e+00,2.724745664539275936e+01
1.021320000290870667e-01,0.000000000000000000e+00,2.724745664539275936e+01
1.018952999729663134e-01,9.000000000000000222e-01,2.725020912891076819e+01
1.025822998490184546e-01,0.000000000000000000e+00,2.725028093282863040e+01
1.016220999881625175e-01,0.000000000000000000e+00,2.724652319446056481e+01
1.025856002233922482e-01,0.000000000000000000e+00,2.724659499837842702e+01
1.020657001063227654e-01,0.000000000000000000e+00,2.725305735098592663e+01
1.023734000045806170e-01,0.000000000000000000e+00,2.725894527225053920e+01
1.025909001473337412e-01,0.000000000000000000e+00,2.725894527225053920e+01
1.025582000147551298e-01,0.000000000000000000e+00,2.725894527225053920e+01
1.024860001634806395e-01,0.000000000000000000e+00,2.725889740297196440e+01
1.021298000123351812e-01,1.000000000000000000e+00,2.726200890607927718e+01
1.020802999846637249e-01,0.000000000000000000e+00,2.726200890607927718e+01
1.022232000250369310e-01,0.000000000000000000e+00,2.726198497143998978e+01
1.017991001717746258e-01,0.000000000000000000e+00,2.726198497143998978e+01
1.023917000275105238e-01,0.000000000000000000e+00,2.724817468457137437e+01
1.019198000431060791e-01,0.000000000000000000e+00,2.724819861921066178e+01
1.023033000528812408e-01,0.000000000000000000e+00,2.724829435776780429e+01
1.021469000261276960e-01,0.000000000000000000e+00,2.724836616168566650e+01
1.023688998539000750e-01,0.000000000000000000e+00,2.724836616168566650e+01
1.024049001280218363e-01,0.000000000000000000e+00,2.724836616168566650e+01
1.017805000301450491e-01,1.899999999999999911e+00,2.725052027922150089e+01
1.021954999305307865e-01,0.000000000000000000e+00,2.725052027922150089e+01
1.024591999594122171e-01,0.000000000000000000e+00,2.725052027922150089e+01
1.025994999799877405e-01,0.000000000000000000e+00,2.725056814850007569e+01
1.018133999314159155e-01,0.000000000000000000e+00,2.724795927281779129e+01
1.026866999454796314e-01,1.000000000000000000e+00,2.724795927281779129e+01
1.026210000272840261e-01,0.000000000000000000e+00,2.724803107673564995e+01
1.026044001337140799e-01,0.000000000000000000e+00,2.724805501137493735e+01
1.022167999763041735e-01,0.000000000000000000e+00,2.724822255384994918e+01
1.017257999628782272e-01,2.000000000000000000e+00,2.724736090683561685e+01
1.023236999753862619e-01,1.100000000000000089e+00,2.725174094582514073e+01
1.025959001854062080e-01,0.000000000000000000e+00,2.725174094582514073e+01
1.020672000013291836e-01,0.000000000000000000e+00,2.726248759886502171e+01
1.024898998439311981e-01,0.000000000000000000e+00,2.726248759886502171e+01
1.020933999679982662e-01,1.000000000000000000e+00,2.725578589986464806e+01
1.024969001300632954e-01,0.000000000000000000e+00,2.725578589986464806e+01
1.024434999562799931e-01,0.000000000000000000e+00,2.725712623966472492e+01
1.023605999071151018e-01,0.000000000000000000e+00,2.725717410894329973e+01
1.023574999999254942e-01,0.000000000000000000e+00,2.725717410894329973e+01
1.017658999189734459e-01,1.000000000000000000e+00,2.726586238300449239e+01
1.018695000093430281e-01,0.000000000000000000e+00,2.729597215922758124e+01
1.027570001315325499e-01,0.000000000000000000e+00,2.729597215922758124e+01
1.025719000026583672e-01,0.000000000000000000e+00,2.729597215922758124e+01
1.020407001487910748e-01,0.000000000000000000e+00,2.729602002850615605e+01
1.025145000312477350e-01,0.000000000000000000e+00,2.729709708727406792e+01
1.025694001000374556e-01,0.000000000000000000e+00,2.725748525925402888e+01
1.026751999743282795e-01,0.000000000000000000e+00,2.725808362523620687e+01
1.025358000770211220e-01,0.000000000000000000e+00,2.725808362523620687e+01
1.017614998854696751e-01,1.000000000000000000e+00,2.725822723307192419e+01
1.022157999686896801e-01,0.000000000000000000e+00,2.726109938978637004e+01
1.025432001333683729e-01,0.000000000000000000e+00,2.726109938978637004e+01
1.023271998856216669e-01,0.000000000000000000e+00,2.726109938978637004e+01
1.025704999919980764e-01,0.000000000000000000e+00,2.726109938978637004e+01
1.017040999140590429e-01,0.000000000000000000e+00,2.726109938978637004e+01
1.021296000108122826e-01,0.000000000000000000e+00,2.739625829784025868e+01
1.023356998339295387e-01,0.000000000000000000e+00,2.737806797198211228e+01
1.021517999470233917e-01,0.000000000000000000e+00,2.736701016863150215e+01
1.022195999976247549e-01,0.000000000000000000e+00,2.736701016863150215e+01
1.018940999638289213e-01,1.000000000000000000e+00,2.736988232534594445e+01
1.026231001596897840e-01,0.000000000000000000e+00,2.736988232534594445e+01
1.017688999418169260e-01,9.000000000000000222e-01,2.736985839070665705e+01
1.024962998926639557e-01,0.000000000000000000e+00,2.737050462596740630e+01
1.019202000461518764e-01,1.000000000000000000e+00,2.737112692658887170e+01
1.022926999721676111e-01,0.000000000000000000e+00,2.737112692658887170e+01
1.023548000957816839e-01,0.000000000000000000e+00,2.737112692658887170e+01
1.024197000078856945e-01,1.100000000000000089e+00,2.737112692658887170e+01
1.021312000229954720e-01,0.000000000000000000e+00,2.736858985482444240e+01
1.021431998815387487e-01,9.000000000000000222e-01,2.736866165874230461e+01
1.016987999901175499e-01,0.000000000000000000e+00,2.737081577627813900e+01
1.025571001227945089e-01,0.000000000000000000e+00,2.737100725339243823e+01
1.020839000120759010e-01,1.000000000000000000e+00,2.737198857360320758e+01
1.021497999317944050e-01,0.000000000000000000e+00,2.737198857360320758e+01
1.017644000239670277e-01,9.000000000000000222e-01,2.737196463896392018e+01
1.025794998276978731e-01,0.000000000000000000e+00,2.737251513566751981e+01
1.018462001811712980e-01,2.100000000000000089e+00,2.734826934606975257e+01
1.020099001470953226e-01,2.200000000000000178e+00,2.737048069132811889e+01
1.018942999653518200e-01,0.000000000000000000e+00,2.736957117503521175e+01
1.022856000345200300e-01,9.000000000000000222e-01,2.736957117503521175e+01
1.018064001109451056e-01,0.000000000000000000e+00,2.737210824679963750e+01
1.026366997975856066e-01,0.000000000000000000e+00,2.737258693958538203e+01
1.028496997896581888e-01,0.000000000000000000e+00,2.737258693958538203e+01
1.016462000552564859e-01,1.699999999999999956e+00,2.737258693958538203e+01
1.028042000252753496e-01,0.000000000000000000e+00,2.737320924020684032e+01
1.025213000830262899e-01,0.000000000000000000e+00,2.737318530556755292e+01
1.017885000910609961e-01,0.000000000000000000e+00,2.737756534455708035e+01
1.026429999619722366e-01,0.000000000000000000e+00,2.737799616806425007e+01
1.025279001332819462e-01,9.000000000000000222e-01,2.737806797198211228e+01
1.017454999964684248e-01,0.000000000000000000e+00,2.737258693958538203e+01
1.023182999342679977e-01,0.000000000000000000e+00,2.737335284804256474e+01
1.024297999683767557e-01,2.100000000000000089e+00,2.737335284804256474e+01
1.023572001140564680e-01,0.000000000000000000e+00,2.737335284804256474e+01
1.016007000580430031e-01,0.000000000000000000e+00,2.737335284804256474e+01
1.026273998431861401e-01,0.000000000000000000e+00,2.737335284804256474e+01
1.019077000673860312e-01,0.000000000000000000e+00,2.737476499176050382e+01
1.015790000092238188e-01,0.000000000000000000e+00,2.737476499176050382e+01
1.020660998765379190e-01,0.000000000000000000e+00,2.737476499176050382e+01
1.025555001106113195e-01,0.000000000000000000e+00,2.737476499176050382e+01
1.018483999650925398e-01,0.000000000000000000e+00,2.737313743628898166e+01
1.016247000079602003e-01,0.000000000000000000e+00,2.734982509762340896e+01
1.018273001536726952e-01,9.000000000000000222e-01,2.732897802680439980e+01
1.020404999144375324e-01,6.400000000000000355e+00,2.720834744479774869e+01
1.019827998243272305e-01,3.200000000000000178e+00,2.717345074071724653e+01
1.020033000968396664e-01,7.099999999999999645e+00,2.717280450545650083e+01
1.020535000134259462e-01,5.599999999999999645e+00,2.717230187803147246e+01
1.016835998743772507e-01,1.000000000000000000e+00,2.711284823404247390e+01
1.018222998827695847e-01,5.299999999999999822e+00,2.713364743558290826e+01
1.022733999416232109e-01,0.000000000000000000e+00,2.708695095433390421e+01
1.020768999587744474e-01,9.000000000000000222e-01,2.707914826192633484e+01
1.019706998486071825e-01,1.000000000000000000e+00,2.698917795284636512e+01
1.021396000869572163e-01,0.000000000000000000e+00,2.695772783682320295e+01
1.022586999461054802e-01,5.200000000000000178e+00,2.695315632071937983e+01
1.018930000718683004e-01,8.300000000000000711e+00,2.695282123576935973e+01
1.022700001485645771e-01,5.799999999999999822e+00,2.695207926195146086e+01
1.021132001187652349e-01,2.100000000000000089e+00,2.690181651944869046e+01
1.021448001265525818e-01,5.200000000000000178e+00,2.684415797340622589e+01
1.019146998878568411e-01,5.400000000000000355e+00,2.702366776805898496e+01
1.019990998320281506e-01,4.200000000000000178e+00,2.726310989948648000e+01
1.015762998722493649e-01,0.000000000000000000e+00,2.726327744196149183e+01
1.015851998236030340e-01,0.000000000000000000e+00,2.733467447095471670e+01
1.018223999999463558e-01,9.000000000000000222e-01,2.733467447095471670e+01
1.017501000314950943e-01,2.000000000000000000e+00,2.733481807879044112e+01
1.028945001307874918e-01,0.000000000000000000e+00,2.733522496765831633e+01
1.016862001270055771e-01,0.000000000000000000e+00,2.733522496765831633e+01
1.022532000206410885e-01,0.000000000000000000e+00,2.733613448395122347e+01
1.025203999597579241e-01,9.000000000000000222e-01,2.733764236622631216e+01
1.017142999917268753e-01,0.000000000000000000e+00,2.736057175066328639e+01
1.024566001724451780e-01,0.000000000000000000e+00,2.737289808989611473e+01
1.027579000219702721e-01,0.000000000000000000e+00,2.737308956701040685e+01
1.024764999747276306e-01,0.000000000000000000e+00,2.737308956701040685e+01
1.021073998417705297e-01,0.000000000000000000e+00,2.737308956701040685e+01
1.025898999068886042e-01,0.000000000000000000e+00,2.737311350164969426e+01
1.020843000151216984e-01,0.000000000000000000e+00,2.740899152594096222e+01
1.022860999219119549e-01,0.000000000000000000e+00,2.740901546058024962e+01
1.016664998605847359e-01,0.000000000000000000e+00,2.740901546058024962e+01
1.023647000547498465e-01,0.000000000000000000e+00,2.740901546058024962e+01
1.018991000019013882e-01,0.000000000000000000e+00,2.741162433626253403e+01
1.026007998734712601e-01,0.000000000000000000e+00,2.741160040162324663e+01
1.024132999591529369e-01,0.000000000000000000e+00,2.740063833682978611e+01
1.019024001434445381e-01,1.000000000000000000e+00,2.740073407538693573e+01
1.024488001130521297e-01,0.000000000000000000e+00,2.740073407538693573e+01
1.022469999734312296e-01,1.000000000000000000e+00,2.740073407538693573e+01
1.022936999797821045e-01,0.000000000000000000e+00,2.740073407538693573e+01
1.024174001067876816e-01,0.000000000000000000e+00,2.740073407538693573e+01
1.018091000150889158e-01,2.700000000000000178e+00,2.739944160486543367e+01
1.019127999898046255e-01,0.000000000000000000e+00,2.739956127806186714e+01
1.021765000186860561e-01,1.100000000000000089e+00,2.740190687271200076e+01
1.021318999119102955e-01,0.000000000000000000e+00,2.740190687271200076e+01
1.017917001154273748e-01,9.000000000000000222e-01,2.740135637600839402e+01
1.022271001711487770e-01,0.000000000000000000e+00,2.740135637600839402e+01
1.025727000087499619e-01,0.000000000000000000e+00,2.740135637600839402e+01
1.018266000319272280e-01,1.000000000000000000e+00,2.740135637600839402e+01
1.020903000608086586e-01,0.000000000000000000e+00,2.740135637600839402e+01
1.017362000420689583e-01,9.000000000000000222e-01,2.740149998384411845e+01
1.017320998944342136e-01,0.000000000000000000e+00,2.740324721251207052e+01
1.016530999913811684e-01,0.000000000000000000e+00,2.740209834982629289e+01
1.018870000261813402e-01,9.000000000000000222e-01,2.740236163085845078e+01
1.025211999658495188e-01,0.000000000000000000e+00,2.740240950013702559e+01
1.027322001755237579e-01,1.000000000000000000e+00,2.740240950013702559e+01
1.023130998946726322e-01,0.000000000000000000e+00,2.739546845474378856e+01
1.025344999507069588e-01,0.000000000000000000e+00,2.739546845474378856e+01
1.027164999395608902e-01,1.000000000000000000e+00,2.739546845474378856e+01
1.024777998682111502e-01,0.000000000000000000e+00,2.739546845474378856e+01
1.025472001638263464e-01,1.000000000000000000e+00,2.739561206257950587e+01
1.023266999982297421e-01,0.000000000000000000e+00,2.739561206257950587e+01
1.018499000929296017e-01,0.000000000000000000e+00,2.739020283410063428e+01
1.025912999175488949e-01,0.000000000000000000e+00,2.739192612812930605e+01
1.017529999371618032e-01,9.000000000000000222e-01,2.738785723945050776e+01
1.023645999375730753e-01,0.000000000000000000e+00,2.738785723945050776e+01
1.024826997891068459e-01,0.000000000000000000e+00,2.738407556644315477e+01
1.018991000019013882e-01,0.000000000000000000e+00,2.738407556644315477e+01
1.023190000560134649e-01,0.000000000000000000e+00,2.738419523963959179e+01
1.021645001601427794e-01,0.000000000000000000e+00,2.738421917427887919e+01
1.022861001547425985e-01,0.000000000000000000e+00,2.738474573634319853e+01
1.021143998950719833e-01,0.000000000000000000e+00,2.738721100418975851e+01
1.026053999084979296e-01,0.000000000000000000e+00,2.738723493882904592e+01
1.018724001478403807e-01,0.000000000000000000e+00,2.738771363161478689e+01
1.025963998399674892e-01,0.000000000000000000e+00,2.738730674274690813e+01
1.024129998404532671e-01,0.000000000000000000e+00,2.738730674274690813e+01
1.020191998686641455e-01,0.000000000000000000e+00,2.738472180170391113e+01
1.024497000034898520e-01,0.000000000000000000e+00,2.738472180170391113e+01
1.021455000154674053e-01,9.000000000000000222e-01,2.738472180170391113e+01
1.017549999523907900e-01,0.000000000000000000e+00,2.744489348487151403e+01
1.025695998687297106e-01,0.000000000000000000e+00,2.744525250446082154e+01
1.019943999126553535e-01,0.000000000000000000e+00,2.744738268735736497e+01
1.026088001672178507e-01,0.000000000000000000e+00,2.744747842591451104e+01
1.019939000252634287e-01,9.000000000000000222e-01,2.744747842591451104e+01
1.026798000093549490e-01,0.000000000000000000e+00,2.744747842591451104e+01
1.026625998783856630e-01,0.000000000000000000e+00,2.744747842591451104e+01
1.023542999755591154e-01,0.000000000000000000e+00,2.744747842591451104e+01
1.020600998308509588e-01,0.000000000000000000e+00,2.739333827184723802e+01
1.026301998645067215e-01,9.000000000000000222e-01,2.739333827184723802e+01
1.023152999114245176e-01,0.000000000000000000e+00,2.739333827184723802e+01
1.016994998790323734e-01,0.000000000000000000e+00,2.739563599721879328e+01
1.024224001448601484e-01,0.000000000000000000e+00,2.739563599721879328e+01
1.023045999463647604e-01,0.000000000000000000e+00,2.739563599721879328e+01
1.022222000174224377e-01,1.000000000000000000e+00,2.740071014074764832e+01
1.025692999828606844e-01,0.000000000000000000e+00,2.740071014074764832e+01
1.022729999385774136e-01,0.000000000000000000e+00,2.740071014074764832e+01
1.022768002003431320e-01,0.000000000000000000e+00,2.740071014074764832e+01
1.018032000865787268e-01,1.000000000000000000e+00,2.739336220648652542e+01
1.021366999484598637e-01,0.000000000000000000e+00,2.739336220648652542e+01
1.025843999814242125e-01,0.000000000000000000e+00,2.739336220648652542e+01
1.017466001212596893e-01,0.000000000000000000e+00,2.739537271618663894e+01
1.027055999729782343e-01,0.000000000000000000e+00,2.739621042856168387e+01
1.021116999909281731e-01,1.000000000000000000e+00,2.739786191867248988e+01
1.019218000583350658e-01,0.000000000000000000e+00,2.739786191867248988e+01
1.022606000769883394e-01,0.000000000000000000e+00,2.739786191867248988e+01
1.024103998206555843e-01,0.000000000000000000e+00,2.739910651991541712e+01
1.024837000295519829e-01,0.000000000000000000e+00,2.739913045455470453e+01
1.026841001585125923e-01,1.000000000000000000e+00,2.739913045455470453e+01
1.028064999263733625e-01,0.000000000000000000e+00,2.739482221948303220e+01
1.017848998308181763e-01,0.000000000000000000e+00,2.739697633701887014e+01
1.026469999924302101e-01,0.000000000000000000e+00,2.739697633701887014e+01
1.020492000970989466e-01,9.000000000000000222e-01,2.739752683372246977e+01
1.023570001125335693e-01,0.000000000000000000e+00,2.739762257227961584e+01
1.024007000960409641e-01,0.000000000000000000e+00,2.739762257227961584e+01
1.024567999411374331e-01,0.000000000000000000e+00,2.740051866363334909e+01
1.024193000048398972e-01,0.000000000000000000e+00,2.740051866363334909e+01
1.016211998648941517e-01,0.000000000000000000e+00,2.740051866363334909e+01
1.019774000160396099e-01,0.000000000000000000e+00,2.741720110721641390e+01
1.020136000588536263e-01,0.000000000000000000e+00,2.740327114715135792e+01
1.018765999469906092e-01,0.000000000000000000e+00,2.740554493788362578e+01
1.025522998534142971e-01,0.000000000000000000e+00,2.740554493788362578e+01
1.016775998286902905e-01,0.000000000000000000e+00,2.740554493788362578e+01
1.025775000452995300e-01,0.000000000000000000e+00,2.740554493788362578e+01
1.019277998711913824e-01,9.000000000000000222e-01,2.740573641499792146e+01
1.022266000509262085e-01,0.000000000000000000e+00,2.740573641499792146e+01
1.022837001364678144e-01,0.000000000000000000e+00,2.740599969603007935e+01
1.024909000843763351e-01,9.000000000000000222e-01,2.740655019273368254e+01
1.024299999698996544e-01,0.000000000000000000e+00,2.740655019273368254e+01
1.019621000159531832e-01,1.899999999999999911e+00,2.740401312096925679e+01
1.027526000980287790e-01,0.000000000000000000e+00,2.740398918632996939e+01
1.017757002264261246e-01,1.100000000000000089e+00,2.740398918632996939e+01
1.019758000038564205e-01,0.000000000000000000e+00,2.740398918632996939e+01
1.021468001417815685e-01,9.000000000000000222e-01,2.729381804169174686e+01
1.020798999816179276e-01,5.900000000000000355e+00,2.733376495466180955e+01
1.021704999729990959e-01,0.000000000000000000e+00,2.725588163842179767e+01
1.020645000971853733e-01,5.500000000000000000e+00,2.720162181115808764e+01
1.017922000028192997e-01,0.000000000000000000e+00,2.710061763336680229e+01
1.022882000543177128e-01,0.000000000000000000e+00,2.714609344801217006e+01
1.022516000084578991e-01,1.000000000000000000e+00,2.713886518694748773e+01
1.016861000098288059e-01,0.000000000000000000e+00,2.713848223271889282e+01
1.022153999656438828e-01,9.000000000000000222e-01,2.713673500405093719e+01
1.019925000146031380e-01,0.000000000000000000e+00,2.713695041580452383e+01
1.025298000313341618e-01,0.000000000000000000e+00,2.714355637624774076e+01
1.022183999884873629e-01,0.000000000000000000e+00,2.714616525193002516e+01
1.017243999522179365e-01,0.000000000000000000e+00,2.716323064974168844e+01
1.021668999455869198e-01,1.100000000000000089e+00,2.716404442747744596e+01
1.026763999834656715e-01,0.000000000000000000e+00,2.716323064974168844e+01
1.022179999854415655e-01,1.000000000000000000e+00,2.711409283528540115e+01
1.018781000748276711e-01,1.800000000000000044e+00,2.701900051339801223e+01
1.022895998321473598e-01,4.900000000000000355e+00,2.705016341374973265e+01
1.021260998677462339e-01,2.000000000000000000e+00,2.700861287994744231e+01
1.020124999340623617e-01,6.299999999999999822e+00,2.700736827870451151e+01
1.018318000715225935e-01,7.099999999999999645e+00,2.700306004363284984e+01
1.019182000309228897e-01,2.100000000000000089e+00,2.697374011050622755e+01
1.019445999991148710e-01,3.600000000000000089e+00,2.696909679048454223e+01
1.020509998779743910e-01,0.000000000000000000e+00,2.694190704025447758e+01
1.022398001514375210e-01,0.000000000000000000e+00,2.697792867238146286e+01
1.021008000243455172e-01,0.000000000000000000e+00,2.700205478878279308e+01
1.019537998363375664e-01,0.000000000000000000e+00,2.692407573398563159e+01
1.021159999072551727e-01,3.000000000000000000e+00,2.689207512125886979e+01
1.019671999383717775e-01,7.200000000000000178e+00,2.686232436462508488e+01
1.022861001547425985e-01,6.200000000000000178e+00,2.685938040399277682e+01
1.021090999711304903e-01,1.000000000000000000e+00,2.682247319021217180e+01
1.018910999409854412e-01,5.099999999999999645e+00,2.675804114125147137e+01
1.022449000738561153e-01,5.200000000000000178e+00,2.692984398205380714e+01
1.019305998925119638e-01,3.799999999999999822e+00,2.717081793039567472e+01
1.021505999378859997e-01,0.000000000000000000e+00,2.717290024401364690e+01
1.015550999436527491e-01,0.000000000000000000e+00,2.717194285844216495e+01
1.017040000297129154e-01,2.100000000000000089e+00,2.717194285844216495e+01
1.025721000041812658e-01,0.000000000000000000e+00,2.717194285844216495e+01
1.020595000591129065e-01,0.000000000000000000e+00,2.724819861921066178e+01
1.026228000409901142e-01,0.000000000000000000e+00,2.724819861921066178e+01
1.024517000187188387e-01,0.000000000000000000e+00,2.724819861921066178e+01
1.021491000428795815e-01,1.000000000000000000e+00,2.724819861921066178e+01
1.026086998172104359e-01,0.000000000000000000e+00,2.724819861921066178e+01
1.016656002029776573e-01,9.000000000000000222e-01,2.724819861921066178e+01
1.019407000858336687e-01,0.000000000000000000e+00,2.725446949470386571e+01
1.018600000534206629e-01,0.000000000000000000e+00,2.725193242293943285e+01
1.017616000026464462e-01,9.000000000000000222e-01,2.725236324644660257e+01
1.020408000331372023e-01,0.000000000000000000e+00,2.725236324644660257e+01
1.025062000844627619e-01,0.000000000000000000e+00,2.725236324644660257e+01
1.024237000383436680e-01,0.000000000000000000e+00,2.725238718108588998e+01
1.016796999610960484e-01,1.100000000000000089e+00,2.725238718108588998e+01
1.026004001032561064e-01,0.000000000000000000e+00,2.725241111572517738e+01
1.028141998685896397e-01,0.000000000000000000e+00,2.725241111572517738e+01
1.020735001657158136e-01,0.000000000000000000e+00,2.725451736398244051e+01
1.020462999586015940e-01,0.000000000000000000e+00,2.725451736398244051e+01
1.019013999029994011e-01,9.000000000000000222e-01,2.726638894506880462e+01
1.021406000945717096e-01,2.000000000000000000e+00,2.731672349148944079e+01
1.019633000250905752e-01,4.299999999999999822e+00,2.740293606220133782e+01
1.020053999964147806e-01,0.000000000000000000e+00,2.740293606220133782e+01
1.023325000423938036e-01,0.000000000000000000e+00,2.740293606220133782e+01
1.029593998100608587e-01,2.799999999999999822e+00,2.740068620610836092e+01
1.018797000870108604e-01,2.000000000000000000e+00,2.740068620610836092e+01
1.021803999319672585e-01,1.000000000000000000e+00,2.740066227146907352e+01
1.020390000194311142e-01,0.000000000000000000e+00,2.739925012775113444e+01
1.022078997921198606e-01,0.000000000000000000e+00,2.739927406239042185e+01
1.027914998121559620e-01,0.000000000000000000e+00,2.739886717352254664e+01
1.025167000479996204e-01,9.000000000000000222e-01,2.739886717352254664e+01
1.024353001266717911e-01,0.000000000000000000e+00,2.739886717352254664e+01
1.023071000818163157e-01,0.000000000000000000e+00,2.739886717352254664e+01
1.016993999946862459e-01,1.100000000000000089e+00,2.739846028465466432e+01
1.025962000712752342e-01,0.000000000000000000e+00,2.739846028465466432e+01
1.024490999989211559e-01,1.000000000000000000e+00,2.739846028465466432e+01
1.018314000684767962e-01,0.000000000000000000e+00,2.739494189267946922e+01
1.027110998984426260e-01,0.000000000000000000e+00,2.739494189267946922e+01
1.021449000108987093e-01,0.000000000000000000e+00,2.739453500381159401e+01
1.023142000194638968e-01,0.000000000000000000e+00,2.739453500381159401e+01
1.021573999896645546e-01,1.100000000000000089e+00,2.739453500381159401e+01
1.025449999142438173e-01,0.000000000000000000e+00,2.739352974896153725e+01
1.022385999094694853e-01,0.000000000000000000e+00,2.739352974896153725e+01
1.026991999242454767e-01,9.000000000000000222e-01,2.739355368360082466e+01
1.024366999045014381e-01,0.000000000000000000e+00,2.739355368360082466e+01
1.024766999762505293e-01,1.100000000000000089e+00,2.739355368360082466e+01
1.016687999945133924e-01,0.000000000000000000e+00,2.739252449411148049e+01
1.016999999992549419e-01,1.000000000000000000e+00,2.739252449411148049e+01
1.022594999521970749e-01,0.000000000000000000e+00,2.739252449411148049e+01
1.022831001318991184e-01,0.000000000000000000e+00,2.739252449411148049e+01
1.024579999502748251e-01,1.000000000000000000e+00,2.739252449411148049e+01
1.023294001352041960e-01,0.000000000000000000e+00,2.739252449411148049e+01
1.019639999140053988e-01,9.000000000000000222e-01,2.739252449411148049e+01
1.025983998551964760e-01,0.000000000000000000e+00,2.739252449411148049e+01
1.024672999046742916e-01,0.000000000000000000e+00,2.739252449411148049e+01
1.018682001158595085e-01,2.100000000000000089e+00,2.739008316090420436e+01
1.025781000498682261e-01,0.000000000000000000e+00,2.739008316090420436e+01
1.023279000073671341e-01,9.000000000000000222e-01,2.738967627203632205e+01
1.027370998635888100e-01,0.000000000000000000e+00,2.738967627203632205e+01
1.023176000453531742e-01,0.000000000000000000e+00,2.738967627203632205e+01
1.021060000639408827e-01,1.899999999999999911e+00,2.686069680915356273e+01
1.018362999893724918e-01,5.599999999999999645e+00,2.686062500523570051e+01
1.021475000306963921e-01,6.099999999999999645e+00,2.686024205100710915e+01
1.020349001046270132e-01,6.200000000000000178e+00,2.686024205100710915e+01
1.021166001446545124e-01,3.899999999999999911e+00,2.685789645635697909e+01
1.019068001769483089e-01,6.099999999999999645e+00,2.685751350212838773e+01
1.023338001687079668e-01,6.500000000000000000e+00,2.685717841717836762e+01
1.024913000874221325e-01,6.400000000000000355e+00,2.679956774041447432e+01
1.033838000148534775e-01,5.200000000000000178e+00,2.659507018234604914e+01
1.019993000663816929e-01,4.200000000000000178e+00,2.659507018234604914e+01
1.023971999529749155e-01,7.000000000000000000e+00,2.658563993446695761e+01
1.023420998826622963e-01,7.799999999999999822e+00,2.658563993446695761e+01
1.020088999066501856e-01,6.200000000000000178e+00,2.658563993446695761e+01
1.021537999622523785e-01,8.400000000000000355e+00,2.658561599982767376e+01
1.019851001910865307e-01,6.799999999999999822e+00,2.658595108477768676e+01
1.023478000424802303e-01,5.900000000000000355e+00,2.658595108477768676e+01
1.022419000510126352e-01,6.099999999999999645e+00,2.658595108477768676e+01
1.020965999923646450e-01,7.599999999999999645e+00,2.658595108477768676e+01
1.021290998905897141e-01,4.799999999999999822e+00,2.658595108477768676e+01
1.019326997920870781e-01,5.599999999999999645e+00,2.661924416802595772e+01
1.019794999156147242e-01,7.400000000000000355e+00,2.661850219420805530e+01
1.020462999586015940e-01,6.099999999999999645e+00,2.661383493954708612e+01
1.018205999862402678e-01,7.099999999999999645e+00,2.660904801168967992e+01
1.020774000789970160e-01,5.500000000000000000e+00,2.659645839142469725e+01
1.018952999729663134e-01,5.000000000000000000e+00,2.658023070598808957e+01
1.018233001232147217e-01,7.400000000000000355e+00,2.655825870712259018e+01
1.020539000164717436e-01,5.799999999999999822e+00,2.664305913411655524e+01
1.018901998177170753e-01,5.599999999999999645e+00,2.719542273958274592e+01
1.024553999304771423e-01,8.199999999999999289e+00,2.750963668414294006e+01
1.025004000402987003e-01,1.159999999999999964e+01,2.770369873948222406e+01
1.021300998982042074e-01,5.799999999999999822e+00,2.815043878177472791e+01
1.027174999471753836e-01,6.700000000000000178e+00,2.888674009016178701e+01
1.022503999993205070e-01,5.400000000000000355e+00,2.964111205121055548e+01
1.018258999101817608e-01,0.000000000000000000e+00,2.964326616874638631e+01
1.020818999968469143e-01,0.000000000000000000e+00,2.964369699225355248e+01
1.017682999372482300e-01,2.000000000000000000e+00,2.964400814256428873e+01
1.027021999470889568e-01,0.000000000000000000e+00,2.964436716215358913e+01
1.025178001727908850e-01,0.000000000000000000e+00,2.964436716215358913e+01
1.022504998836666346e-01,0.000000000000000000e+00,2.964436716215358913e+01
1.018447000533342361e-01,1.000000000000000000e+00,2.964233271781419177e+01
1.025053998455405235e-01,0.000000000000000000e+00,2.964305075699280678e+01
1.019417999777942896e-01,0.000000000000000000e+00,2.970439523748547472e+01
1.023101999890059233e-01,0.000000000000000000e+00,2.970439523748547472e+01
1.019144998863339424e-01,0.000000000000000000e+00,2.972091013859353126e+01
1.018811999820172787e-01,1.000000000000000000e+00,2.972091013859353126e+01
1.023917000275105238e-01,0.000000000000000000e+00,2.972091013859353126e+01
1.026081000454723835e-01,0.000000000000000000e+00,2.972091013859353126e+01
1.022677998989820480e-01,0.000000000000000000e+00,2.971928258312200910e+01
1.023935000412166119e-01,2.399999999999999911e+00,2.970702804780705009e+01
1.021151000168174505e-01,1.000000000000000000e+00,2.965025508341820171e+01
1.020528001245111227e-01,5.000000000000000000e+00,2.962737356825979518e+01
1.021160001400858164e-01,6.200000000000000178e+00,2.961449673232337076e+01
1.025620999280363321e-01,6.200000000000000178e+00,2.959163915180425519e+01
1.019583002198487520e-01,6.000000000000000000e+00,2.955233847409494174e+01
1.024833999108523130e-01,7.400000000000000355e+00,2.940727062537622416e+01
1.022455000784248114e-01,5.099999999999999645e+00,2.943371840178839349e+01
1.021257999818772078e-01,7.099999999999999645e+00,2.938666290095008193e+01
1.021590000018477440e-01,4.700000000000000178e+00,2.936335056228451279e+01
1.022594999521970749e-01,5.700000000000000178e+00,2.942672948711658165e+01
1.021857999730855227e-01,6.200000000000000178e+00,2.941282346169081308e+01
1.022018999792635441e-01,7.400000000000000355e+00,2.941177033756218862e+01
1.018846000079065561e-01,7.299999999999999822e+00,2.945736582540398629e+01
1.019479001406580210e-01,6.500000000000000000e+00,2.941847203656255516e+01
1.021267001051455736e-01,6.500000000000000000e+00,2.939307738427901029e+01
1.019105999730527401e-01,1.899999999999999911e+00,2.937608379038521633e+01
1.020138999447226524e-01,2.000000000000000000e+00,2.940387190659746253e+01
1.021312999073415995e-01,0.000000000000000000e+00,2.940387190659746253e+01
1.021475000306963921e-01,0.000000000000000000e+00,2.940344108309029991e+01
1.026584999635815620e-01,9.000000000000000222e-01,2.940190926617592382e+01
1.020031000953167677e-01,0.000000000000000000e+00,2.935925773896643065e+01
1.020417998079210520e-01,1.000000000000000000e+00,2.935925773896643065e+01
1.021362000610679388e-01,0.000000000000000000e+00,2.941545627201239199e+01
1.026826999150216579e-01,9.000000000000000222e-01,2.929736276177015597e+01
1.017911001108586788e-01,0.000000000000000000e+00,2.927826291961910243e+01
1.019171001389622688e-01,7.299999999999999822e+00,2.927759274971906578e+01
1.024606002029031515e-01,7.799999999999999822e+00,2.927697044909760393e+01
1.017553999554365873e-01,3.700000000000000178e+00,2.927247073691164303e+01
1.019277002196758986e-01,2.700000000000000178e+00,2.921189216487615781e+01
1.023013000376522541e-01,1.800000000000000044e+00,2.922536736679475666e+01
1.023566999938338995e-01,5.200000000000000178e+00,2.918496569567824395e+01
1.023461001459509134e-01,6.200000000000000178e+00,2.912644550262143994e+01
1.025954999495297670e-01,6.299999999999999822e+00,2.908678580532282254e+01
1.024382000323385000e-01,5.599999999999999645e+00,2.909212322988383193e+01
1.023118000011891127e-01,7.099999999999999645e+00,2.907225747927559212e+01
1.020438000559806824e-01,5.099999999999999645e+00,2.908853303399077816e+01
1.019216000568121672e-01,6.500000000000000000e+00,2.911076831388843544e+01
1.020929000806063414e-01,2.000000000000000000e+00,2.910555056252385597e+01
1.025914999190717936e-01,5.000000000000000000e+00,2.913314720162181004e+01
1.018897001631557941e-01,4.099999999999999645e+00,2.942763900340948879e+01
1.020286001730710268e-01,0.000000000000000000e+00,2.942321109514139010e+01
1.020527998916804790e-01,0.000000000000000000e+00,2.942627472897013163e+01
1.021687001921236515e-01,0.000000000000000000e+00,2.942823736939166324e+01
1.027033999562263489e-01,0.000000000000000000e+00,2.942821343475237583e+01
1.023442998994141817e-01,0.000000000000000000e+00,2.942830917330952545e+01
1.022018999792635441e-01,0.000000000000000000e+00,2.944815098927847785e+01
1.019084998406469822e-01,0.000000000000000000e+00,2.944815098927847785e+01
1.022063000127673149e-01,0.000000000000000000e+00,2.944824672783562391e+01
1.023380002006888390e-01,0.000000000000000000e+00,2.946957249144037760e+01
1.019132998771965504e-01,0.000000000000000000e+00,2.946823215164030074e+01
1.027130999136716127e-01,0.000000000000000000e+00,2.946828002091887555e+01
1.022995999082922935e-01,9.000000000000000222e-01,2.947055381165114696e+01
1.027058998588472605e-01,0.000000000000000000e+00,2.947055381165114696e+01
1.024973997846245766e-01,0.000000000000000000e+00,2.947055381165114696e+01
1.024042000062763691e-01,0.000000000000000000e+00,2.947120004691189266e+01
1.023559002205729485e-01,0.000000000000000000e+00,2.948199456923034489e+01
1.016669000964611769e-01,9.000000000000000222e-01,2.948199456923034489e+01
1.028090999461710453e-01,1.000000000000000000e+00,2.948209030778749451e+01
1.027651999611407518e-01,0.000000000000000000e+00,2.948939037277004260e+01
1.020275000482797623e-01,0.000000000000000000e+00,2.947759059560153361e+01
1.020712999161332846e-01,0.000000000000000000e+00,2.947787781127297180e+01
1.020116999279707670e-01,9.000000000000000222e-01,2.948055849087312197e+01
1.024272998329252005e-01,0.000000000000000000e+00,2.948055849087312197e+01
1.027402998879551888e-01,0.000000000000000000e+00,2.948163554964103739e+01
1.028265999630093575e-01,0.000000000000000000e+00,2.948163554964103739e+01
1.023705999832600355e-01,0.000000000000000000e+00,2.948163554964103739e+01
1.018510998692363501e-01,2.000000000000000000e+00,2.949037169298080840e+01
1.027321999426931143e-01,0.000000000000000000e+00,2.949037169298080840e+01
1.018492998555302620e-01,0.000000000000000000e+00,2.949422516990602006e+01
1.022520000115036964e-01,0.000000000000000000e+00,2.949329171897382551e+01
1.020495998673141003e-01,1.000000000000000000e+00,2.947780600735511669e+01
1.018892000429332256e-01,1.000000000000000000e+00,2.948094144510171688e+01
1.024483998771756887e-01,0.000000000000000000e+00,2.948094144510171688e+01
1.023341000545769930e-01,0.000000000000000000e+00,2.948094144510171688e+01
1.022836000192910433e-01,0.000000000000000000e+00,2.948127653005173698e+01
1.019799001514911652e-01,1.000000000000000000e+00,2.948149194180531651e+01
1.024011999834328890e-01,0.000000000000000000e+00,2.948142013788746141e+01
1.026343000121414661e-01,0.000000000000000000e+00,2.948192276531248623e+01
1.023350998293608427e-01,0.000000000000000000e+00,2.948192276531248623e+01
1.028167000040411949e-01,0.000000000000000000e+00,2.948213817706606932e+01
1.020554001443088055e-01,4.799999999999999822e+00,2.947847617725515335e+01
1.026242999359965324e-01,0.000000000000000000e+00,2.947847617725515335e+01
1.029544000048190355e-01,0.000000000000000000e+00,2.947845224261586594e+01
1.023556001018732786e-01,0.000000000000000000e+00,2.947847617725515335e+01
1.023637999314814806e-01,0.000000000000000000e+00,2.947885913148374115e+01
1.023065000772476196e-01,0.000000000000000000e+00,2.948151587644460392e+01
1.022735999431461096e-01,0.000000000000000000e+00,2.948292802016253944e+01
1.023818000685423613e-01,0.000000000000000000e+00,2.948292802016253944e+01
1.025952999480068684e-01,0.000000000000000000e+00,2.948292802016253944e+01
1.022623002063483000e-01,0.000000000000000000e+00,2.948302375871968906e+01
1.018851001281291246e-01,1.000000000000000000e+00,2.948371786325901311e+01
1.021247000899165869e-01,1.100000000000000089e+00,2.947835650405871633e+01
1.025494001805782318e-01,0.000000000000000000e+00,2.947847617725515335e+01
1.032384999562054873e-01,0.000000000000000000e+00,2.948022340592310542e+01
1.017513000406324863e-01,9.000000000000000222e-01,2.948022340592310542e+01
1.025656000711023808e-01,0.000000000000000000e+00,2.948022340592310542e+01
1.020194001030176878e-01,1.000000000000000000e+00,2.948084570654456726e+01
1.027504999656230211e-01,0.000000000000000000e+00,2.948084570654456726e+01
1.025884998962283134e-01,0.000000000000000000e+00,2.948084570654456726e+01
1.020428000483661890e-01,1.000000000000000000e+00,2.948766707874137438e+01
1.025274000130593777e-01,0.000000000000000000e+00,2.948766707874137438e+01
1.028233000542968512e-01,9.000000000000000222e-01,2.947840437333729113e+01
1.029944000765681267e-01,0.000000000000000000e+00,2.947840437333729113e+01
1.017098000738769770e-01,0.000000000000000000e+00,2.947840437333729113e+01
1.028457998763769865e-01,1.000000000000000000e+00,2.947838043869800373e+01
1.018775000702589750e-01,0.000000000000000000e+00,2.947838043869800373e+01
1.021700999699532986e-01,1.000000000000000000e+00,2.947835650405871633e+01
1.026248999405652285e-01,0.000000000000000000e+00,2.947859585045159037e+01
1.019913000054657459e-01,9.000000000000000222e-01,2.947859585045159037e+01
1.018856998998671770e-01,0.000000000000000000e+00,2.948007979808738455e+01
1.023838000837713480e-01,0.000000000000000000e+00,2.948007979808738455e+01
1.020994000136852264e-01,1.000000000000000000e+00,2.947787781127297180e+01
1.024402999319136143e-01,0.000000000000000000e+00,2.948165948428032479e+01
1.028146001044660807e-01,9.000000000000000222e-01,2.948165948428032479e+01
1.025892000179737806e-01,0.000000000000000000e+00,2.948165948428032479e+01
1.023160000331699848e-01,0.000000000000000000e+00,2.948165948428032479e+01
1.024730000644922256e-01,0.000000000000000000e+00,2.948165948428032479e+01
1.027738000266253948e-01,2.100000000000000089e+00,2.948237752345893625e+01
1.019361000508069992e-01,0.000000000000000000e+00,2.948168341891961219e+01
1.023910001385957003e-01,0.000000000000000000e+00,2.948163554964103739e+01
1.027204000856727362e-01,0.000000000000000000e+00,2.947960110530164357e+01
1.022501999977976084e-01,0.000000000000000000e+00,2.947960110530164357e+01
1.017271000891923904e-01,1.000000000000000000e+00,2.947782994199440054e+01
1.022608999628573656e-01,0.000000000000000000e+00,2.947782994199440054e+01
1.026562999468296766e-01,0.000000000000000000e+00,2.947701616425863946e+01
1.028495000209659338e-01,0.000000000000000000e+00,2.947708796817650168e+01
1.023176000453531742e-01,0.000000000000000000e+00,2.947668107930862647e+01
1.018068999983370304e-01,0.000000000000000000e+00,2.947627419044074415e+01
1.025018999353051186e-01,1.100000000000000089e+00,2.947526893559068739e+01
1.026185001246631145e-01,0.000000000000000000e+00,2.947529287022997480e+01
1.024769998621195555e-01,0.000000000000000000e+00,2.947325842589058098e+01
1.026054001413285732e-01,0.000000000000000000e+00,2.947122398155118006e+01
1.022400001529604197e-01,0.000000000000000000e+00,2.946911773329392048e+01
1.023428000044077635e-01,0.000000000000000000e+00,2.946930921040821616e+01
1.023705999832600355e-01,0.000000000000000000e+00,2.946849543267245863e+01
1.028515999205410480e-01,0.000000000000000000e+00,2.946808854380457632e+01
1.026388001628220081e-01,9.000000000000000222e-01,2.946320587739002406e+01
1.019073000643402338e-01,0.000000000000000000e+00,2.945772484499329380e+01
1.022629998624324799e-01,0.000000000000000000e+00,2.945257889754657654e+01
1.026878999546170235e-01,0.000000000000000000e+00,2.945054445320718273e+01
1.022350999992340803e-01,0.000000000000000000e+00,2.944738508082129158e+01
1.016649999655783176e-01,2.000000000000000000e+00,2.944535063648189421e+01
1.028034999035298824e-01,0.000000000000000000e+00,2.943419709457413802e+01
1.023138000164180994e-01,0.000000000000000000e+00,2.942792621908093409e+01
1.025719998870044947e-01,0.000000000000000000e+00,2.942670555247729425e+01
1.019313998986035585e-01,0.000000000000000000e+00,2.942385733040213580e+01
1.019489001482725143e-01,1.000000000000000000e+00,2.942345044153426059e+01
1.017783000133931637e-01,0.000000000000000000e+00,2.941610250727314124e+01
1.026110998354852200e-01,0.000000000000000000e+00,2.941447495180162264e+01
1.023200999479740858e-01,0.000000000000000000e+00,2.941447495180162264e+01
1.026331000030040741e-01,0.000000000000000000e+00,2.941244050746222172e+01
1.021155000198632479e-01,9.000000000000000222e-01,2.940801259919412303e+01
1.025011001620441675e-01,0.000000000000000000e+00,2.940554733134755239e+01
1.018181000836193562e-01,0.000000000000000000e+00,2.939965941008294692e+01
1.026930999942123890e-01,0.000000000000000000e+00,2.940001842967225443e+01
1.018538000062108040e-01,1.000000000000000000e+00,2.939987482183653000e+01
1.020535000134259462e-01,0.000000000000000000e+00,2.939769676966140821e+01
1.026971999090164900e-01,0.000000000000000000e+00,2.939688299192565069e+01
1.025070000905543566e-01,0.000000000000000000e+00,2.939647610305777192e+01
1.024351997766643763e-01,0.000000000000000000e+00,2.939566232532200729e+01
1.025076999794691801e-01,0.000000000000000000e+00,2.939444165871837455e+01
1.022991999052464962e-01,0.000000000000000000e+00,2.939362788098261348e+01
1.023334001656621695e-01,0.000000000000000000e+00,2.939281410324685595e+01
1.018401000183075666e-01,0.000000000000000000e+00,2.939008555436813452e+01
1.025018999353051186e-01,0.000000000000000000e+00,2.939099507066104167e+01
1.024080999195575714e-01,0.000000000000000000e+00,2.939099507066104167e+01
1.021071998402476311e-01,0.000000000000000000e+00,2.939032490076100146e+01
1.025451999157667160e-01,0.000000000000000000e+00,2.938910423415736517e+01
1.022161999717354774e-01,0.000000000000000000e+00,2.938910423415736517e+01
1.026519997976720333e-01,0.000000000000000000e+00,2.938706978981796425e+01
1.030396998394280672e-01,0.000000000000000000e+00,2.938666290095008193e+01
1.026803001295775175e-01,9.000000000000000222e-01,2.938625601208220672e+01
1.021560998633503914e-01,0.000000000000000000e+00,2.936016725525934135e+01
1.022141999565064907e-01,0.000000000000000000e+00,2.928759742894104789e+01
1.021455000154674053e-01,0.000000000000000000e+00,2.922725820329843316e+01
1.019590999931097031e-01,1.000000000000000000e+00,2.920870885785097926e+01
1.023530999664217234e-01,5.599999999999999645e+00,2.924583148338517091e+01
1.019890001043677330e-01,5.500000000000000000e+00,2.924417999327436490e+01
1.019542000722140074e-01,3.200000000000000178e+00,2.921024067476535180e+01
1.018877997994422913e-01,4.200000000000000178e+00,2.917812038884214942e+01
1.023317000363022089e-01,0.000000000000000000e+00,2.915686642915526505e+01
1.023655000608414412e-01,1.000000000000000000e+00,2.913300359378608917e+01
1.020311999600380659e-01,0.000000000000000000e+00,2.909583309897332271e+01
1.022153999656438828e-01,0.000000000000000000e+00,2.904540281399554047e+01
1.017903999891132116e-01,3.799999999999999822e+00,2.901005135176858829e+01
1.019535001832991838e-01,9.500000000000000000e+00,2.900279915606461856e+01
1.020003999583423138e-01,8.199999999999999289e+00,2.896660998146262145e+01
1.023152000270783901e-01,1.000000000000000000e+00,2.890770683417722609e+01
1.020393997896462679e-01,4.599999999999999645e+00,2.883291108640524314e+01
1.023715999908745289e-01,4.200000000000000178e+00,2.902682953390880272e+01
1.022039002273231745e-01,2.200000000000000178e+00,2.926722905090778326e+01
1.020617999602109194e-01,1.000000000000000000e+00,2.926765987441494588e+01
1.016724999062716961e-01,0.000000000000000000e+00,2.926782741688995770e+01
1.017083998303860426e-01,9.000000000000000222e-01,2.926866512926500263e+01
1.021710000932216644e-01,0.000000000000000000e+00,2.927393074990814981e+01
1.023672001902014017e-01,0.000000000000000000e+00,2.927601306352612553e+01
1.017922000028192997e-01,9.000000000000000222e-01,2.927601306352612553e+01
1.020549000240862370e-01,1.100000000000000089e+00,2.931799442083558205e+01
1.020750000607222319e-01,1.000000000000000000e+00,2.931799442083558205e+01
1.025260998867452145e-01,0.000000000000000000e+00,2.931806622475344071e+01
1.022422998212277889e-01,0.000000000000000000e+00,2.931804229011415330e+01
1.023740000091493130e-01,0.000000000000000000e+00,2.931801835547486590e+01
1.021026000380516052e-01,0.000000000000000000e+00,2.931952623774995459e+01
1.019485001452267170e-01,1.000000000000000000e+00,2.932079477363216569e+01
1.021415998693555593e-01,0.000000000000000000e+00,2.932136920497505628e+01
1.020816999953240156e-01,0.000000000000000000e+00,2.932136920497505628e+01
1.022614999674260616e-01,0.000000000000000000e+00,2.932136920497505628e+01
1.019145001191645861e-01,0.000000000000000000e+00,2.932153674745006100e+01
1.027497998438775539e-01,0.000000000000000000e+00,2.932153674745006100e+01
1.024294001981616020e-01,0.000000000000000000e+00,2.932153674745006100e+01
1.024053001310676336e-01,0.000000000000000000e+00,2.932153674745006100e+01
1.026620999909937382e-01,9.000000000000000222e-01,2.932244626374296814e+01
1.016740000341087580e-01,0.000000000000000000e+00,2.932299676044657488e+01
1.025154001545161009e-01,0.000000000000000000e+00,2.932299676044657488e+01
1.023147001396864653e-01,0.000000000000000000e+00,2.931797048619629464e+01
1.029115000274032354e-01,0.000000000000000000e+00,2.931797048619629464e+01
1.023025000467896461e-01,9.000000000000000222e-01,2.931797048619629464e+01
1.020094000268727541e-01,0.000000000000000000e+00,2.931797048619629464e+01
1.027054002042859793e-01,0.000000000000000000e+00,2.931797048619629464e+01
1.019235998392105103e-01,0.000000000000000000e+00,2.931797048619629464e+01
1.025214998517185450e-01,0.000000000000000000e+00,2.931797048619629464e+01
1.020927000790834427e-01,9.000000000000000222e-01,2.931820983258916513e+01
1.034104998689144850e-01,1.000000000000000000e+00,2.931820983258916513e+01
1.022767000831663609e-01,0.000000000000000000e+00,2.931995706125711720e+01
1.016693999990820885e-01,0.000000000000000000e+00,2.931797048619629464e+01
1.024470999836921692e-01,0.000000000000000000e+00,2.931797048619629464e+01
1.027011999394744635e-01,9.000000000000000222e-01,2.931794655155700724e+01
1.024059001356363297e-01,0.000000000000000000e+00,2.935064126882309665e+01
1.026401999406516552e-01,0.000000000000000000e+00,2.935064126882309665e+01
1.018437000457197428e-01,0.000000000000000000e+00,2.935076094201953367e+01
1.024734000675380230e-01,0.000000000000000000e+00,2.935035405315165491e+01
1.020376998931169510e-01,1.000000000000000000e+00,2.935097635377311676e+01
1.018936999607831240e-01,0.000000000000000000e+00,2.934238381826907016e+01
1.017528998199850321e-01,0.000000000000000000e+00,2.933754902113309271e+01
1.022335998713970184e-01,0.000000000000000000e+00,2.930492610778486195e+01
1.024017999880015850e-01,0.000000000000000000e+00,2.930492610778486195e+01
1.024613000918179750e-01,1.100000000000000089e+00,2.931526587195685707e+01
1.026000999845564365e-01,0.000000000000000000e+00,2.931526587195685707e+01
1.019791001453995705e-01,0.000000000000000000e+00,2.931533767587471928e+01
1.021553999744355679e-01,0.000000000000000000e+00,2.931533767587471928e+01
1.019725000951439142e-01,1.000000000000000000e+00,2.931533767587471928e+01
1.017764001153409481e-01,0.000000000000000000e+00,2.931562489154616458e+01
1.020695001352578402e-01,0.000000000000000000e+00,2.957139044696742047e+01
1.019198000431060791e-01,0.000000000000000000e+00,2.957139044696742047e+01
1.027627999428659678e-01,0.000000000000000000e+00,2.957021764964235544e+01
1.026682001538574696e-01,0.000000000000000000e+00,2.950162097344571421e+01
1.017090000677853823e-01,0.000000000000000000e+00,2.950217147014931740e+01
1.025088999886065722e-01,0.000000000000000000e+00,2.950918431946042020e+01
1.026894999668002129e-01,0.000000000000000000e+00,2.950916038482113279e+01
1.022966001182794571e-01,0.000000000000000000e+00,2.950978268544259109e+01
1.028213999234139919e-01,0.000000000000000000e+00,2.951038105142476553e+01
1.025580000132322311e-01,0.000000000000000000e+00,2.951038105142476553e+01
1.019067000597715378e-01,0.000000000000000000e+00,2.951234369184630424e+01
1.025827999692410231e-01,0.000000000000000000e+00,2.951236762648559164e+01
1.017708000726997852e-01,0.000000000000000000e+00,2.951236762648559164e+01
1.021483999211341143e-01,0.000000000000000000e+00,2.950341607139224109e+01
1.027736999094486237e-01,1.000000000000000000e+00,2.950341607139224109e+01
1.027717001270502806e-01,0.000000000000000000e+00,2.950382296026012341e+01
1.025655001867562532e-01,0.000000000000000000e+00,2.950403837201370294e+01
1.019092001952230930e-01,0.000000000000000000e+00,2.950659937841741964e+01
1.027391999959945679e-01,0.000000000000000000e+00,2.950659937841741964e+01
1.018876000307500362e-01,1.100000000000000089e+00,2.950839447636394652e+01
1.026502000167965889e-01,0.000000000000000000e+00,2.950839447636394652e+01
1.027611000463366508e-01,0.000000000000000000e+00,2.950853808419967095e+01
1.018177999649196863e-01,1.000000000000000000e+00,2.950853808419967095e+01
1.026504000183194876e-01,0.000000000000000000e+00,2.950853808419967095e+01
1.021644999273121357e-01,1.100000000000000089e+00,2.951741783537515929e+01
1.026009002234786749e-01,0.000000000000000000e+00,2.951741783537515929e+01
1.017915999982506037e-01,0.000000000000000000e+00,2.951741783537515929e+01
1.031047999858856201e-01,1.000000000000000000e+00,2.951741783537515929e+01
1.023963999468833208e-01,0.000000000000000000e+00,2.951741783537515929e+01
1.022487001027911901e-01,1.100000000000000089e+00,2.951966769146813618e+01
1.024976000189781189e-01,0.000000000000000000e+00,2.951966769146813618e+01
1.018119000364094973e-01,9.000000000000000222e-01,2.951966769146813618e+01
1.027212999761104584e-01,0.000000000000000000e+00,2.951976343002528580e+01
1.018210998736321926e-01,0.000000000000000000e+00,2.951976343002528580e+01
1.020146000664681196e-01,1.000000000000000000e+00,2.951263090751774953e+01
1.026969999074935913e-01,0.000000000000000000e+00,2.951263090751774953e+01
1.027423001360148191e-01,9.000000000000000222e-01,2.951296599246776964e+01
1.026592000853270292e-01,0.000000000000000000e+00,2.951296599246776964e+01
1.019360001664608717e-01,0.000000000000000000e+00,2.951504830608573826e+01
1.019407999701797962e-01,0.000000000000000000e+00,2.951583814918221194e+01
1.022373000159859657e-01,0.000000000000000000e+00,2.951650831908225214e+01
1.026693999301642179e-01,1.000000000000000000e+00,2.951650831908225214e+01
1.026639998890459538e-01,0.000000000000000000e+00,2.951744177001444669e+01
1.027434000279754400e-01,0.000000000000000000e+00,2.951794439743947152e+01
1.018860999029129744e-01,0.000000000000000000e+00,2.951397124731782284e+01
1.016270001418888569e-01,0.000000000000000000e+00,2.951397124731782284e+01
1.026080001611262560e-01,0.000000000000000000e+00,2.951952408363241531e+01
1.026803001295775175e-01,0.000000000000000000e+00,2.951950014899312791e+01
1.023005000315606594e-01,0.000000000000000000e+00,2.952172607044682451e+01
1.026258999481797218e-01,0.000000000000000000e+00,2.952354510303263879e+01
1.027172999456524849e-01,0.000000000000000000e+00,2.952354510303263879e+01
1.027255000080913305e-01,0.000000000000000000e+00,2.952469396571841997e+01
1.024982000235468149e-01,0.000000000000000000e+00,2.952469396571841997e+01
1.030361999291926622e-01,0.000000000000000000e+00,2.952471790035770383e+01
1.025311001576483250e-01,1.000000000000000000e+00,2.952550774345417750e+01
1.022765000816434622e-01,9.000000000000000222e-01,2.951363616236780629e+01
1.026261001825332642e-01,0.000000000000000000e+00,2.951480895969287133e+01
1.018904999364167452e-01,0.000000000000000000e+00,2.951576634526435328e+01
1.023376998491585255e-01,0.000000000000000000e+00,2.951727422753943486e+01
1.024431001860648394e-01,1.000000000000000000e+00,2.951760931248945141e+01
1.027347000781446695e-01,0.000000000000000000e+00,2.951760931248945141e+01
1.024682000279426575e-01,0.000000000000000000e+00,2.951760931248945141e+01
1.024025999940931797e-01,0.000000000000000000e+00,2.951760931248945141e+01
1.030780000146478415e-01,0.000000000000000000e+00,2.951763324712873882e+01
1.017698000650852919e-01,1.899999999999999911e+00,2.951792046280018411e+01
1.025482998229563236e-01,0.000000000000000000e+00,2.951370796628566850e+01
1.027102000080049038e-01,0.000000000000000000e+00,2.951382763948210552e+01
1.018083000089973211e-01,0.000000000000000000e+00,2.951567060670720721e+01
1.026431999634951353e-01,0.000000000000000000e+00,2.951567060670720721e+01
1.020581000484526157e-01,0.000000000000000000e+00,2.951780078960374709e+01
1.027281000278890133e-01,0.000000000000000000e+00,2.951780078960374709e+01
1.026316999923437834e-01,0.000000000000000000e+00,2.951780078960374709e+01
1.028833000455051661e-01,0.000000000000000000e+00,2.951787259352160930e+01
1.025383002124726772e-01,0.000000000000000000e+00,2.951787259352160930e+01
1.026570999529212713e-01,1.000000000000000000e+00,2.951787259352160930e+01
1.020091001410037279e-01,0.000000000000000000e+00,2.951344468525351061e+01
1.028175000101327896e-01,0.000000000000000000e+00,2.951344468525351061e+01
1.020219000056385994e-01,0.000000000000000000e+00,2.951509617536431307e+01
1.020186999812722206e-01,0.000000000000000000e+00,2.951509617536431307e+01
1.028811999130994081e-01,0.000000000000000000e+00,2.951519191392146269e+01
1.026763999834656715e-01,0.000000000000000000e+00,2.951519191392146269e+01
1.021338000427931547e-01,0.000000000000000000e+00,2.951528765247861230e+01
1.020746999420225620e-01,0.000000000000000000e+00,2.938414976382494714e+01
1.018534998875111341e-01,0.000000000000000000e+00,2.936224956887730642e+01
1.023204999510198832e-01,9.000000000000000222e-01,2.928948826544472439e+01
1.022801001090556383e-01,6.500000000000000000e+00,2.927457698516889906e+01
1.026005998719483614e-01,6.200000000000000178e+00,2.926955071091862237e+01
1.018956999760121107e-01,3.100000000000000089e+00,2.924125996728134780e+01
1.021235999651253223e-01,3.100000000000000089e+00,2.928185311551215619e+01
1.017664000391960144e-01,0.000000000000000000e+00,2.925925881602519496e+01
1.022063998971134424e-01,0.000000000000000000e+00,2.919628678006100841e+01
1.017076999414712191e-01,0.000000000000000000e+00,2.913575607730409800e+01
1.020684998948127031e-01,1.199999999999999956e+00,2.909389439319107140e+01
1.023615000303834677e-01,2.200000000000000178e+00,2.902888791288748394e+01
1.019330001436173916e-01,4.400000000000000355e+00,2.900401982266825840e+01
1.022681000176817179e-01,5.700000000000000178e+00,2.895370921088690608e+01
1.018761000595986843e-01,1.100000000000000089e+00,2.892642372209969182e+01
1.021199000533670187e-01,4.400000000000000355e+00,2.883987606643777113e+01
1.023300001397728920e-01,4.400000000000000355e+00,2.897563334047383421e+01
1.020834001246839762e-01,3.700000000000000178e+00,2.926079063293957105e+01
1.019393999595195055e-01,0.000000000000000000e+00,2.926076669830028365e+01
1.018665998708456755e-01,0.000000000000000000e+00,2.933170896914705139e+01
1.023960001766681671e-01,0.000000000000000000e+00,2.933170896914705139e+01
1.025614000391215086e-01,2.000000000000000000e+00,2.933170896914705139e+01
1.021139000076800585e-01,1.000000000000000000e+00,2.933252274688281247e+01
1.021600998938083649e-01,0.000000000000000000e+00,2.933470079905793426e+01
1.020881999284029007e-01,0.000000000000000000e+00,2.933517949184367168e+01
1.022012999746948481e-01,2.100000000000000089e+00,2.941890286006972488e+01
1.025436001364141703e-01,0.000000000000000000e+00,2.941890286006972488e+01
1.024105001706629992e-01,1.000000000000000000e+00,2.941911827182330086e+01
1.023993999697268009e-01,0.000000000000000000e+00,2.941911827182330086e+01
1.017169998958706856e-01,1.000000000000000000e+00,2.941986024564120328e+01
1.027150000445544720e-01,0.000000000000000000e+00,2.941986024564120328e+01
1.027313000522553921e-01,0.000000000000000000e+00,2.941986024564120328e+01
1.021103998646140099e-01,9.000000000000000222e-01,2.941986024564120328e+01
1.020476000849157572e-01,0.000000000000000000e+00,2.942215797101275854e+01
1.018423000350594521e-01,9.000000000000000222e-01,2.942605931721654500e+01
1.027384998742491007e-01,0.000000000000000000e+00,2.942605931721654500e+01
1.023208999540656805e-01,0.000000000000000000e+00,2.942605931721654500e+01
1.021654000505805016e-01,1.100000000000000089e+00,2.942605931721654500e+01
1.026084998156875372e-01,0.000000000000000000e+00,2.942605931721654500e+01
1.025193999521434307e-01,0.000000000000000000e+00,2.942656194464156982e+01
1.027594998013228178e-01,0.000000000000000000e+00,2.942656194464156982e+01
1.027370998635888100e-01,0.000000000000000000e+00,2.942658587928085723e+01
1.022574999369680882e-01,0.000000000000000000e+00,2.942833310794881285e+01
1.020355999935418367e-01,0.000000000000000000e+00,2.941971663780548241e+01
1.029283001553267241e-01,0.000000000000000000e+00,2.941971663780548241e+01
1.024380000308156013e-01,0.000000000000000000e+00,2.941978844172334462e+01
1.020878001581877470e-01,0.000000000000000000e+00,2.941978844172334462e+01
1.021673001814633608e-01,0.000000000000000000e+00,2.941978844172334462e+01
1.019145001191645861e-01,0.000000000000000000e+00,2.941988418028049068e+01
1.024031999986618757e-01,0.000000000000000000e+00,2.941988418028049068e+01
1.027724000159651041e-01,0.000000000000000000e+00,2.941988418028049068e+01
1.026000999845564365e-01,0.000000000000000000e+00,2.941988418028049068e+01
1.018780998419970274e-01,0.000000000000000000e+00,2.942158353966987150e+01
1.018990001175552607e-01,0.000000000000000000e+00,2.941887892543043748e+01
1.024358000140637159e-01,0.000000000000000000e+00,2.941890286006972488e+01
1.023913999088108540e-01,0.000000000000000000e+00,2.941911827182330086e+01
1.023657000623643398e-01,0.000000000000000000e+00,2.941914220646258826e+01
1.023673000745475292e-01,9.000000000000000222e-01,2.941914220646258826e+01
1.022936999797821045e-01,0.000000000000000000e+00,2.941914220646258826e+01
1.024116999469697475e-01,0.000000000000000000e+00,2.942519767020221266e+01
1.029854000080376863e-01,0.000000000000000000e+00,2.942519767020221266e+01
1.019661000464111567e-01,0.000000000000000000e+00,2.942706457206660176e+01
1.023428000044077635e-01,9.000000000000000222e-01,2.942708850670588916e+01
1.027854999992996454e-01,1.000000000000000000e+00,2.942708850670588916e+01
1.021470001433044672e-01,0.000000000000000000e+00,2.942029106914836944e+01
1.025117000099271536e-01,0.000000000000000000e+00,2.943003246733819012e+01
1.023611000273376703e-01,0.000000000000000000e+00,2.943003246733819012e+01
1.017128999810665846e-01,9.000000000000000222e-01,2.943120526466325870e+01
1.024366999045014381e-01,0.000000000000000000e+00,2.943120526466325870e+01
1.028426999691873789e-01,0.000000000000000000e+00,2.942967344774888971e+01
1.023275998886674643e-01,0.000000000000000000e+00,2.942969738238817712e+01
1.019345000386238098e-01,0.000000000000000000e+00,2.943185149992400440e+01
1.028205000329762697e-01,9.000000000000000222e-01,2.943185149992400440e+01
1.023484999313950539e-01,0.000000000000000000e+00,2.943185149992400440e+01
1.023595998995006084e-01,0.000000000000000000e+00,2.941904646790544575e+01
1.017847000621259212e-01,0.000000000000000000e+00,2.941904646790544575e+01
1.022665998898446560e-01,0.000000000000000000e+00,2.941926187965902528e+01
1.028648000210523605e-01,1.100000000000000089e+00,2.941990811491977809e+01
1.023554001003503799e-01,0.000000000000000000e+00,2.941990811491977809e+01
1.023004997987300158e-01,0.000000000000000000e+00,2.941990811491977809e+01
1.018537001218646765e-01,0.000000000000000000e+00,2.942187075534131324e+01
1.018260000273585320e-01,1.800000000000000044e+00,2.942187075534131324e+01
1.021493000444024801e-01,0.000000000000000000e+00,2.942191862461988450e+01
1.025934999343007803e-01,0.000000000000000000e+00,2.942191862461988450e+01
1.019865002017468214e-01,0.000000000000000000e+00,2.941861564439827603e+01
1.028931001201272011e-01,0.000000000000000000e+00,2.941861564439827603e+01
1.018850000109523535e-01,0.000000000000000000e+00,2.941861564439827603e+01
1.027935999445617199e-01,0.000000000000000000e+00,2.941861564439827603e+01
1.027808999642729759e-01,0.000000000000000000e+00,2.941887892543043748e+01
1.025231999810785055e-01,0.000000000000000000e+00,2.941887892543043748e+01
1.026842999272048473e-01,0.000000000000000000e+00,2.942115271616270178e+01
1.019182000309228897e-01,0.000000000000000000e+00,2.942153567039129669e+01
1.026317998766899109e-01,9.000000000000000222e-01,2.942160747430915890e+01
1.023239998612552881e-01,0.000000000000000000e+00,2.942160747430915890e+01
1.018408001400530338e-01,0.000000000000000000e+00,2.941875925223400046e+01
1.016591000370681286e-01,0.000000000000000000e+00,2.941875925223400046e+01
1.022743999492377043e-01,0.000000000000000000e+00,2.941875925223400046e+01
1.020702000241726637e-01,9.000000000000000222e-01,2.994793019223105546e+01
1.027995001059025526e-01,0.000000000000000000e+00,2.994795412687033931e+01
1.018437999300658703e-01,0.000000000000000000e+00,2.995068267574906429e+01
1.020342998672276735e-01,0.000000000000000000e+00,2.995068267574906429e+01
1.025336999446153641e-01,0.000000000000000000e+00,2.995068267574906429e+01
1.020843000151216984e-01,1.000000000000000000e+00,2.995077841430621035e+01
1.025372999720275402e-01,0.000000000000000000e+00,2.995077841430621035e+01
1.027927999384701252e-01,0.000000000000000000e+00,2.995077841430621035e+01
1.021039998158812523e-01,2.899999999999999911e+00,2.989769138436756890e+01
1.023657999467104673e-01,0.000000000000000000e+00,2.989773925364614371e+01
1.027753001544624567e-01,1.000000000000000000e+00,2.989773925364614371e+01
1.025153000373393297e-01,0.000000000000000000e+00,2.989817007715330632e+01
1.021795000415295362e-01,0.000000000000000000e+00,2.989977369798554463e+01
1.031951999757438898e-01,1.000000000000000000e+00,2.989986943654268714e+01
1.022650001104921103e-01,0.000000000000000000e+00,2.989986943654268714e+01
1.020176999736577272e-01,1.100000000000000089e+00,2.990769606358955102e+01
1.025259001180529594e-01,0.000000000000000000e+00,2.990769606358955102e+01
1.016736000310629606e-01,9.000000000000000222e-01,2.990795934462170891e+01
1.020017999690026045e-01,0.000000000000000000e+00,2.990034812932843167e+01
1.027776000555604696e-01,0.000000000000000000e+00,2.990128158026062621e+01
1.019668001681566238e-01,1.000000000000000000e+00,2.990128158026062621e+01
1.019435999915003777e-01,0.000000000000000000e+00,2.990527866502156229e+01
1.020839998964220285e-01,9.000000000000000222e-01,2.990527866502156229e+01
1.028152999933809042e-01,0.000000000000000000e+00,2.990527866502156229e+01
1.027844999916851521e-01,0.000000000000000000e+00,2.990527866502156229e+01
1.023629000410437584e-01,1.000000000000000000e+00,2.990645146234662377e+01
1.025600000284612179e-01,0.000000000000000000e+00,2.990671474337878166e+01
1.020480000879615545e-01,1.000000000000000000e+00,2.990771999822883842e+01
1.029148998204618692e-01,0.000000000000000000e+00,2.990762425967168880e+01
1.026702998206019402e-01,0.000000000000000000e+00,2.990245437758569125e+01
1.028501000255346298e-01,0.000000000000000000e+00,2.990286126645356646e+01
1.018582000397145748e-01,0.000000000000000000e+00,2.990537440357870480e+01
1.023755001369863749e-01,0.000000000000000000e+00,2.990918001122534520e+01
1.026419999543577433e-01,0.000000000000000000e+00,2.990896459947175856e+01
1.025086999870836735e-01,0.000000000000000000e+00,2.990951509617536530e+01
1.026779999956488609e-01,0.000000000000000000e+00,2.990975444256823579e+01
1.019812999293208122e-01,9.000000000000000222e-01,2.990748065183596438e+01
1.021188998129218817e-01,0.000000000000000000e+00,2.990070714891773918e+01
1.024916998576372862e-01,0.000000000000000000e+00,2.990046780252486514e+01
1.027947000693529844e-01,0.000000000000000000e+00,2.989711695302468186e+01
1.020680000074207783e-01,1.000000000000000000e+00,2.989881631241406268e+01
1.027134000323712826e-01,0.000000000000000000e+00,2.989881631241406268e+01
1.026526000350713730e-01,0.000000000000000000e+00,2.989881631241406268e+01
1.027661000844091177e-01,0.000000000000000000e+00,2.989881631241406268e+01
1.026906000915914774e-01,0.000000000000000000e+00,2.989879237777477528e+01
1.018934999592602253e-01,1.000000000000000000e+00,2.989910352808550087e+01
1.026384001597762108e-01,0.000000000000000000e+00,2.989910352808550087e+01
1.027387001086026430e-01,0.000000000000000000e+00,2.989910352808550087e+01
1.030518999323248863e-01,0.000000000000000000e+00,2.989910352808550087e+01
1.019866999704390764e-01,0.000000000000000000e+00,2.989680580271394916e+01
1.016315000597387552e-01,1.899999999999999911e+00,2.989939074375694972e+01
1.024182999972254038e-01,0.000000000000000000e+00,2.989939074375694972e+01
1.029276000335812569e-01,0.000000000000000000e+00,2.989960615551053280e+01
1.023404998704791069e-01,0.000000000000000000e+00,2.990386652130362322e+01
1.020118000451475382e-01,0.000000000000000000e+00,2.986712684999802647e+01
1.020865999162197113e-01,1.000000000000000000e+00,2.975571110411687670e+01
1.021763000171631575e-01,1.000000000000000000e+00,2.973548633391932938e+01
1.020623999647796154e-01,7.400000000000000355e+00,2.973484009865858368e+01
1.025513000786304474e-01,5.500000000000000000e+00,2.977301584832140335e+01
1.021948000416159630e-01,3.100000000000000089e+00,2.974068015064462145e+01
1.021634999196976423e-01,2.700000000000000178e+00,2.973744897434086809e+01
1.022254000417888165e-01,0.000000000000000000e+00,2.966643489957623814e+01
1.021235999651253223e-01,1.000000000000000000e+00,2.962471682329893596e+01
1.020573999267071486e-01,1.000000000000000000e+00,2.959984873307970332e+01
1.022075000219047070e-01,9.000000000000000222e-01,2.951361222772851889e+01
1.020004001911729574e-01,3.299999999999999822e+00,2.947881126220516634e+01
1.019949000328779221e-01,5.700000000000000178e+00,2.944508735544973987e+01
1.018874999135732651e-01,5.099999999999999645e+00,2.940317780205813847e+01
1.024847000371664762e-01,2.000000000000000000e+00,2.934858288984440833e+01
1.018545001279562712e-01,9.000000000000000222e-01,2.927515141651178965e+01
1.022008999716490507e-01,6.200000000000000178e+00,2.951416272443211852e+01
1.025360000785440207e-01,2.200000000000000178e+00,2.978397791311486742e+01
1.021120999939739704e-01,0.000000000000000000e+00,2.978397791311486742e+01
1.025378999765962362e-01,0.000000000000000000e+00,2.978412152095059184e+01
1.020299000665545464e-01,1.100000000000000089e+00,2.978443267126131744e+01
1.024164999835193157e-01,0.000000000000000000e+00,2.978443267126131744e+01
1.025105000007897615e-01,0.000000000000000000e+00,2.978443267126131744e+01
1.023250001017004251e-01,0.000000000000000000e+00,2.978373856672199693e+01
1.021422999911010265e-01,0.000000000000000000e+00,2.978584481497925651e+01
1.021765999030321836e-01,0.000000000000000000e+00,2.978474382157205014e+01
1.022996001411229372e-01,9.000000000000000222e-01,2.987945318923084770e+01
1.020996000152081251e-01,0.000000000000000000e+00,2.987945318923084770e+01
1.022187999915331602e-01,0.000000000000000000e+00,2.988495815626686536e+01
1.023327000439167023e-01,0.000000000000000000e+00,2.988651390782052175e+01
1.018036999739706516e-01,5.000000000000000000e+00,2.965183476961114550e+01
1.021298000123351812e-01,5.900000000000000355e+00,2.973318860854777768e+01
1.027442000340670347e-01,5.500000000000000000e+00,2.939922858657577720e+01
1.030073999427258968e-01,1.800000000000000044e+00,2.931351864328890500e+01
1.027118999045342207e-01,2.899999999999999911e+00,2.919470709386806817e+01
1.020961999893188477e-01,2.000000000000000000e+00,2.917706726471351786e+01
1.021491000428795815e-01,2.000000000000000000e+00,2.915382672996581093e+01
1.025115000084042549e-01,1.100000000000000089e+00,2.915327623326221129e+01
1.017759998794645071e-01,2.600000000000000089e+00,2.913099308408597565e+01
1.018424001522362232e-01,2.000000000000000000e+00,2.910152954312363960e+01
1.021979001816362143e-01,0.000000000000000000e+00,2.910152954312363960e+01
1.020257999189198017e-01,1.000000000000000000e+00,2.910229545158082232e+01
1.023918001446872950e-01,0.000000000000000000e+00,2.910899715058119597e+01
1.019303000066429377e-01,1.000000000000000000e+00,2.910899715058119597e+01
1.020503998734056950e-01,0.000000000000000000e+00,2.903293286692699837e+01
1.024583000689744949e-01,0.000000000000000000e+00,2.902879217433033787e+01
1.021056999452412128e-01,9.000000000000000222e-01,2.902886397824819653e+01
1.025419000070542097e-01,0.000000000000000000e+00,2.902895971680534615e+01
1.017174001317471266e-01,1.000000000000000000e+00,2.902895971680534615e+01
1.022387000266462564e-01,3.000000000000000000e+00,2.849641399266881692e+01
1.028622000012546778e-01,6.299999999999999822e+00,2.878130800410239587e+01
1.020188000984489918e-01,3.799999999999999822e+00,2.886172839210683350e+01
1.022592999506741762e-01,5.099999999999999645e+00,2.805508317885518466e+01
1.021223999559879303e-01,9.300000000000000711e+00,2.865280292577030252e+01
1.019039000384509563e-01,1.100000000000000089e+00,2.882082409356528885e+01
1.022167999763041735e-01,0.000000000000000000e+00,2.887271439153958497e+01
1.025813999585807323e-01,0.000000000000000000e+00,2.887855444352562273e+01
1.024261000566184521e-01,0.000000000000000000e+00,2.887898526703278534e+01
1.025435999035835266e-01,1.000000000000000000e+00,2.887898526703278534e+01
1.024199998937547207e-01,0.000000000000000000e+00,2.887898526703278534e+01
1.024864998180419207e-01,0.000000000000000000e+00,2.888161807735436071e+01
1.026777999941259623e-01,0.000000000000000000e+00,2.888161807735436071e+01
1.023268001154065132e-01,9.000000000000000222e-01,2.888422695303664511e+01
1.022652001120150089e-01,0.000000000000000000e+00,2.888432269159379473e+01
1.022697999142110348e-01,0.000000000000000000e+00,2.888475351510096445e+01
1.041878999676555395e-01,0.000000000000000000e+00,2.888130692704363156e+01
1.022296999581158161e-01,0.000000000000000000e+00,2.888130692704363156e+01
1.021861999761313200e-01,0.000000000000000000e+00,2.888274300540085093e+01
1.026978001464158297e-01,0.000000000000000000e+00,2.889509327927295956e+01
1.023860999848693609e-01,0.000000000000000000e+00,2.889509327927295956e+01
1.028187999036163092e-01,0.000000000000000000e+00,2.889509327927295956e+01
1.022715999279171228e-01,9.000000000000000222e-01,2.889523688710868399e+01
1.019923998974263668e-01,0.000000000000000000e+00,2.889995201104823153e+01
1.026651000138372183e-01,0.000000000000000000e+00,2.889995201104823153e+01
1.022582000587135553e-01,0.000000000000000000e+00,2.889992807640894412e+01
1.019818000495433807e-01,0.000000000000000000e+00,2.890129235084830128e+01
1.024054998997598886e-01,9.000000000000000222e-01,2.890179497827333321e+01
1.024788999930024147e-01,0.000000000000000000e+00,2.890227367105907064e+01
1.028207000344991684e-01,0.000000000000000000e+00,2.890227367105907064e+01
1.030369000509381294e-01,0.000000000000000000e+00,2.890227367105907064e+01
1.029701000079512596e-01,0.000000000000000000e+00,2.890227367105907064e+01
1.020972998812794685e-01,1.699999999999999956e+00,2.891474361812761984e+01
1.030131001025438309e-01,0.000000000000000000e+00,2.891673019318843885e+01
1.027154000476002693e-01,0.000000000000000000e+00,2.891673019318843885e+01
1.024136999621987343e-01,0.000000000000000000e+00,2.891754397092419637e+01
1.019894001074135303e-01,0.000000000000000000e+00,2.891507870307763284e+01
1.027635999489575624e-01,9.000000000000000222e-01,2.891507870307763284e+01
1.022781000938266516e-01,0.000000000000000000e+00,2.893501625760373486e+01
1.025919001549482346e-01,0.000000000000000000e+00,2.893501625760373486e+01
1.027731001377105713e-01,0.000000000000000000e+00,2.893513593080017188e+01
1.026715999469161034e-01,0.000000000000000000e+00,2.893508806152159707e+01
