1.056838999502360821e-01,1.800000000000000044e+00,2.717637076671026719e+01
1.029885001480579376e-01,9.000000000000000222e-01,2.717661011310313768e+01
1.029550998937338591e-01,0.000000000000000000e+00,2.717948226981758353e+01
1.027721001300960779e-01,1.800000000000000044e+00,2.722993648943465317e+01
1.027176000643521547e-01,2.899999999999999911e+00,2.724058740391738098e+01
1.025004999246448278e-01,2.000000000000000000e+00,2.724666680229628923e+01
1.026634001173079014e-01,1.800000000000000044e+00,2.724793533817850388e+01
1.031499998643994331e-01,1.000000000000000000e+00,2.724915600478214373e+01
1.030830000527203083e-01,9.000000000000000222e-01,2.725329669737879712e+01
1.023639999330043793e-01,0.000000000000000000e+00,2.725339243593594674e+01
1.024792999960482121e-01,9.000000000000000222e-01,2.725444556006457830e+01
1.023969000671058893e-01,0.000000000000000000e+00,2.724231069794604920e+01
1.028617001138627529e-01,0.000000000000000000e+00,2.724245430578177007e+01
1.033681000117212534e-01,8.000000000000000444e-01,2.725384719408239675e+01
1.034270999953150749e-01,0.000000000000000000e+00,2.725384719408239675e+01
1.031969999894499779e-01,0.000000000000000000e+00,2.725480457965387870e+01
1.026659000199288130e-01,1.000000000000000000e+00,2.725762886708974975e+01
1.033966999966651201e-01,0.000000000000000000e+00,2.725762886708974975e+01
1.032861999701708555e-01,0.000000000000000000e+00,2.725762886708974975e+01
1.027743001468479633e-01,1.000000000000000000e+00,2.725796395203976985e+01
1.034239998552948236e-01,0.000000000000000000e+00,2.725911281472555103e+01
1.022619998548179865e-01,9.000000000000000222e-01,2.725229144252874391e+01
1.035075001418590546e-01,0.000000000000000000e+00,2.725229144252874391e+01
1.025393998716026545e-01,0.000000000000000000e+00,2.725296161242877702e+01
1.026480000000447035e-01,1.100000000000000089e+00,2.722538890797011746e+01
1.027683999855071306e-01,0.000000000000000000e+00,2.715734272847707587e+01
1.024553999304771423e-01,2.000000000000000000e+00,2.709528020880579291e+01
1.026890000794082880e-01,3.100000000000000089e+00,2.707570167386899485e+01
1.031577000394463539e-01,6.500000000000000000e+00,2.707261410540097302e+01
1.025828998535871506e-01,6.500000000000000000e+00,2.710997607732803516e+01
1.028362000361084938e-01,1.899999999999999911e+00,2.708192468008363107e+01
1.027463998179882765e-01,1.100000000000000089e+00,2.706035957008600690e+01
1.027395999990403652e-01,0.000000000000000000e+00,2.699389307678591265e+01
1.027193998452275991e-01,1.000000000000000000e+00,2.697134664657752623e+01
1.025119998957961798e-01,0.000000000000000000e+00,2.691457368218868140e+01
1.024515000171959400e-01,9.000000000000000222e-01,2.684853801239574977e+01
1.025661001913249493e-01,2.399999999999999911e+00,2.683116146427336091e+01
1.030315998941659927e-01,7.299999999999999822e+00,2.679669558370003202e+01
1.025874000042676926e-01,6.099999999999999645e+00,2.680186546578602957e+01
1.025287997908890247e-01,2.899999999999999911e+00,2.674885023976524678e+01
1.026990001555532217e-01,3.200000000000000178e+00,2.666761607402505163e+01
1.027622001711279154e-01,5.900000000000000355e+00,2.685835121450343266e+01
1.027440000325441360e-01,2.799999999999999822e+00,2.721883081680546823e+01
1.028402999509125948e-01,1.199999999999999956e+00,2.721078877800502482e+01
1.023440000135451555e-01,1.000000000000000000e+00,2.721076484336573742e+01
1.033592999447137117e-01,0.000000000000000000e+00,2.721076484336573742e+01
1.028206001501530409e-01,0.000000000000000000e+00,2.721287109162299700e+01
1.032270002178847790e-01,0.000000000000000000e+00,2.721287109162299700e+01
1.035587999504059553e-01,0.000000000000000000e+00,2.721287109162299700e+01
1.031359001062810421e-01,0.000000000000000000e+00,2.721770588875897445e+01
1.026157001033425331e-01,1.000000000000000000e+00,2.721820851618400638e+01
1.023611999116837978e-01,0.000000000000000000e+00,2.721476192812667350e+01
1.027928001713007689e-01,1.000000000000000000e+00,2.725695869718971664e+01
1.025644999463111162e-01,0.000000000000000000e+00,2.730597683844956336e+01
1.027637999504804611e-01,0.000000000000000000e+00,2.730612044628528778e+01
1.026566000655293465e-01,1.899999999999999911e+00,2.730612044628528778e+01
1.026500000152736902e-01,1.000000000000000000e+00,2.730841817165683949e+01
1.032215000595897436e-01,0.000000000000000000e+00,2.730841817165683949e+01
1.035547000356018543e-01,0.000000000000000000e+00,2.731088343950340303e+01
1.030639999080449343e-01,0.000000000000000000e+00,2.731141000156772236e+01
1.033165999688208103e-01,9.000000000000000222e-01,2.731141000156772236e+01
1.031418999191373587e-01,0.000000000000000000e+00,2.731141000156772236e+01
1.026819001417607069e-01,0.000000000000000000e+00,2.731215197538561767e+01
1.032143000047653913e-01,0.000000000000000000e+00,2.731215197538561767e+01
1.031856001354753971e-01,0.000000000000000000e+00,2.731219984466419248e+01
1.034299000166356564e-01,0.000000000000000000e+00,2.731219984466419248e+01
1.025801000650972128e-01,0.000000000000000000e+00,2.731442576611788198e+01
1.032462001312524080e-01,0.000000000000000000e+00,2.731442576611788198e+01
1.035615999717265368e-01,0.000000000000000000e+00,2.731547889024651354e+01
1.031218999996781349e-01,0.000000000000000000e+00,2.731562249808223797e+01
1.031762000638991594e-01,1.100000000000000089e+00,2.731586184447510846e+01
1.028422000817954540e-01,1.100000000000000089e+00,2.731614906014655020e+01
1.033091999124735594e-01,0.000000000000000000e+00,2.731614906014655020e+01
1.025729000102728605e-01,0.000000000000000000e+00,2.732095992264324380e+01
1.027236999943852425e-01,0.000000000000000000e+00,2.732095992264324380e+01
1.028408000711351633e-01,0.000000000000000000e+00,2.732117533439683044e+01
1.027651000767946243e-01,0.000000000000000000e+00,2.732320977873622780e+01
1.032420999836176634e-01,0.000000000000000000e+00,2.734082567325148361e+01
1.031898998189717531e-01,0.000000000000000000e+00,2.734089747716934582e+01
1.034307000227272511e-01,0.000000000000000000e+00,2.734183092810154037e+01
1.034971000626683235e-01,0.000000000000000000e+00,2.734362602604806725e+01
1.030721999704837799e-01,0.000000000000000000e+00,2.734369782996592946e+01
1.031124000437557697e-01,0.000000000000000000e+00,2.734372176460521686e+01
1.026713000610470772e-01,0.000000000000000000e+00,2.733115607897952515e+01
1.029649998527020216e-01,0.000000000000000000e+00,2.733287937300818982e+01
1.035947999916970730e-01,0.000000000000000000e+00,2.733287937300818982e+01
1.026287002023309469e-01,9.000000000000000222e-01,2.733819286292991180e+01
1.031732999254018068e-01,0.000000000000000000e+00,2.733819286292991180e+01
1.030667999293655157e-01,0.000000000000000000e+00,2.733819286292991180e+01
1.029209999833256006e-01,0.000000000000000000e+00,2.733819286292991180e+01
1.031273999251425266e-01,0.000000000000000000e+00,2.733819286292991180e+01
1.035577000584453344e-01,1.000000000000000000e+00,2.733819286292991180e+01
1.031553999055176973e-01,0.000000000000000000e+00,2.733819286292991180e+01
1.035567000508308411e-01,0.000000000000000000e+00,2.733881516355137364e+01
1.034477001521736383e-01,1.100000000000000089e+00,2.733287937300818982e+01
1.030916001182049513e-01,0.000000000000000000e+00,2.733603874539407741e+01
1.032573999837040901e-01,9.000000000000000222e-01,2.733711580416199283e+01
1.036433000117540359e-01,0.000000000000000000e+00,2.733711580416199283e+01
1.037638001143932343e-01,0.000000000000000000e+00,2.733766630086559957e+01
1.025650000665336847e-01,1.000000000000000000e+00,2.733836040540492007e+01
1.031409001443535089e-01,0.000000000000000000e+00,2.733836040540492007e+01
1.034391999710351229e-01,1.000000000000000000e+00,2.733836040540492007e+01
1.031613000668585300e-01,0.000000000000000000e+00,2.733840827468349488e+01
1.036422001197934151e-01,0.000000000000000000e+00,2.733857581715850671e+01
1.034396998584270477e-01,1.100000000000000089e+00,2.733816892829062439e+01
1.030105999670922756e-01,0.000000000000000000e+00,2.733735515055486331e+01
1.031450000591576099e-01,9.000000000000000222e-01,2.733735515055486331e+01
1.031142000574618578e-01,0.000000000000000000e+00,2.733807318973347478e+01
1.032447000034153461e-01,0.000000000000000000e+00,2.733814499365133699e+01
1.029184001963585615e-01,1.000000000000000000e+00,2.733814499365133699e+01
1.034560999833047390e-01,0.000000000000000000e+00,2.733814499365133699e+01
1.031478999648243189e-01,1.000000000000000000e+00,2.733814499365133699e+01
1.036141999065876007e-01,0.000000000000000000e+00,2.734424832666952909e+01
1.029997000005096197e-01,9.000000000000000222e-01,2.734424832666952909e+01
1.031635999679565430e-01,0.000000000000000000e+00,2.734436799986596611e+01
1.026065000332891941e-01,5.099999999999999645e+00,2.700116920712917334e+01
1.024298998527228832e-01,5.700000000000000178e+00,2.698384052828535928e+01
1.026351000182330608e-01,5.000000000000000000e+00,2.659810988153550326e+01
1.025781999342143536e-01,2.700000000000000178e+00,2.653035091771390697e+01
1.029641998466104269e-01,3.100000000000000089e+00,2.649219910269037115e+01
1.027556001208722591e-01,2.000000000000000000e+00,2.643954289625889231e+01
1.037343000061810017e-01,0.000000000000000000e+00,2.640859540766076208e+01
1.029926999472081661e-01,1.199999999999999956e+00,2.640249207464256287e+01
1.028855000622570515e-01,4.599999999999999645e+00,2.636807406334780879e+01
1.027434000279754400e-01,3.100000000000000089e+00,2.634220071827852294e+01
1.024040000047534704e-01,2.899999999999999911e+00,2.624234540317301878e+01
1.025557001121342182e-01,0.000000000000000000e+00,2.624248901100873610e+01
1.029475000686943531e-01,1.000000000000000000e+00,2.624368574297308854e+01
1.031592001672834158e-01,2.000000000000000000e+00,2.624375754689095075e+01
1.030747999902814627e-01,0.000000000000000000e+00,2.624375754689095075e+01
1.033129999414086342e-01,0.000000000000000000e+00,2.624375754689095075e+01
1.031693001277744770e-01,0.000000000000000000e+00,2.624375754689095075e+01
1.032742999959737062e-01,0.000000000000000000e+00,2.624375754689095075e+01
1.032893001101911068e-01,0.000000000000000000e+00,2.624375754689095075e+01
1.032111998647451401e-01,0.000000000000000000e+00,2.624375754689095075e+01
1.025769999250769615e-01,1.899999999999999911e+00,2.578998072064805314e+01
1.028056999202817678e-01,9.900000000000000355e+00,2.618425603362338094e+01
1.032324000261723995e-01,5.900000000000000355e+00,2.624971727207341843e+01
1.024558001663535833e-01,4.099999999999999645e+00,2.542279941934564746e+01
1.028980999253690243e-01,8.500000000000000000e+00,2.597664697244764298e+01
1.044586000498384237e-01,2.200000000000000178e+00,2.626410199028493153e+01
1.022709999233484268e-01,0.000000000000000000e+00,2.626410199028493153e+01
1.023776000365614891e-01,9.000000000000000222e-01,2.626539446080643003e+01
1.034554999787360430e-01,1.100000000000000089e+00,2.628083230314656760e+01
1.027939999476075172e-01,0.000000000000000000e+00,2.628102378026086328e+01
1.025074000936001539e-01,0.000000000000000000e+00,2.627492044724267117e+01
1.028211000375449657e-01,9.000000000000000222e-01,2.623550009633692071e+01
1.024855999276041985e-01,0.000000000000000000e+00,2.623571550809050734e+01
1.027659999672323465e-01,0.000000000000000000e+00,2.625426485353795769e+01
1.031068000011146069e-01,0.000000000000000000e+00,2.625426485353795769e+01
1.031190999783575535e-01,0.000000000000000000e+00,2.625426485353795769e+01
1.031357999891042709e-01,0.000000000000000000e+00,2.625426485353795769e+01
1.025694999843835831e-01,0.000000000000000000e+00,2.625426485353795769e+01
1.034646001644432545e-01,0.000000000000000000e+00,2.625426485353795769e+01
1.037037000060081482e-01,0.000000000000000000e+00,2.632159299385238782e+01
1.030205001588910818e-01,0.000000000000000000e+00,2.632413006561681357e+01
1.027585999108850956e-01,0.000000000000000000e+00,2.632413006561681357e+01
1.029398001264780760e-01,1.000000000000000000e+00,2.631896018353081601e+01
1.027184999547898769e-01,0.000000000000000000e+00,2.631896018353081601e+01
1.030163001269102097e-01,0.000000000000000000e+00,2.631896018353081601e+01
1.031653000973165035e-01,0.000000000000000000e+00,2.631896018353081601e+01
1.034239002037793398e-01,0.000000000000000000e+00,2.631931920312011641e+01
1.031903999391943216e-01,0.000000000000000000e+00,2.633310555534945152e+01
1.035491998773068190e-01,8.000000000000000444e-01,2.633310555534945152e+01
1.029920000582933426e-01,0.000000000000000000e+00,2.633310555534945152e+01
1.026590000838041306e-01,0.000000000000000000e+00,2.633592984278532256e+01
1.033359998837113380e-01,0.000000000000000000e+00,2.633592984278532256e+01
1.031733998097479343e-01,0.000000000000000000e+00,2.633614525453890565e+01
1.031514999922364950e-01,8.000000000000000444e-01,2.633478098009954138e+01
1.032347998116165400e-01,0.000000000000000000e+00,2.633478098009954138e+01
1.031577999237924814e-01,0.000000000000000000e+00,2.633478098009954138e+01
1.028927001170814037e-01,0.000000000000000000e+00,2.633509213041027408e+01
1.031959000974893570e-01,0.000000000000000000e+00,2.633509213041027408e+01
1.031180999707430601e-01,9.000000000000000222e-01,2.633509213041027408e+01
1.031859000213444233e-01,1.000000000000000000e+00,2.633731805186396713e+01
1.028416000772267580e-01,0.000000000000000000e+00,2.635084112306114790e+01
1.024881000630557537e-01,0.000000000000000000e+00,2.635187031255048495e+01
1.035035999957472086e-01,0.000000000000000000e+00,2.635187031255048495e+01
1.029727999120950699e-01,9.000000000000000222e-01,2.635167883543619283e+01
1.026600999757647514e-01,1.100000000000000089e+00,2.632573368644904477e+01
1.026736998464912176e-01,0.000000000000000000e+00,2.631213881133400889e+01
1.024217999074608088e-01,0.000000000000000000e+00,2.620462441165664558e+01
1.023356998339295387e-01,1.100000000000000089e+00,2.617922975937310071e+01
1.028449998702853918e-01,6.799999999999999822e+00,2.617858352411235501e+01
1.022774998564273119e-01,3.799999999999999822e+00,2.617808089668732663e+01
1.026655999012291431e-01,4.099999999999999645e+00,2.617293494924061292e+01
1.025024000555276871e-01,1.899999999999999911e+00,2.616877032200466857e+01
1.029419000260531902e-01,0.000000000000000000e+00,2.606948943824204790e+01
1.026358997914940119e-01,1.100000000000000089e+00,2.610644452130123128e+01
1.026108998339623213e-01,3.200000000000000178e+00,2.609840248250078787e+01
1.027537998743355274e-01,0.000000000000000000e+00,2.598691493270177588e+01
1.026775001082569361e-01,2.100000000000000089e+00,2.596463178352554735e+01
1.024534001480787992e-01,6.500000000000000000e+00,2.594177420300642822e+01
1.020830001216381788e-01,5.400000000000000355e+00,2.591202344637264332e+01
1.022506000008434057e-01,4.900000000000000355e+00,2.587248342227046294e+01
1.026542000472545624e-01,4.599999999999999645e+00,2.577219728365778906e+01
1.027196999639272690e-01,5.099999999999999645e+00,2.593277477863450287e+01
1.027375000994652510e-01,5.099999999999999645e+00,2.626338395110631652e+01
1.026169999968260527e-01,1.000000000000000000e+00,2.622681182227573160e+01
1.025945001747459173e-01,3.799999999999999822e+00,2.631393390928053577e+01
1.026368001475930214e-01,0.000000000000000000e+00,2.631393390928053577e+01
1.022195999976247549e-01,0.000000000000000000e+00,2.638324862465579201e+01
1.031927999574691057e-01,0.000000000000000000e+00,2.638324862465579201e+01
1.026250000577419996e-01,0.000000000000000000e+00,2.638324862465579201e+01
1.025977001991122961e-01,2.000000000000000000e+00,2.638537880755233545e+01
1.033487000968307257e-01,0.000000000000000000e+00,2.638636012776310480e+01
1.031831998843699694e-01,0.000000000000000000e+00,2.638636012776310480e+01
1.034632001537829638e-01,0.000000000000000000e+00,2.638645586632025086e+01
1.032062999438494444e-01,0.000000000000000000e+00,2.639023753932760386e+01
1.030389000661671162e-01,0.000000000000000000e+00,2.639260706861701777e+01
1.028835999313741922e-01,0.000000000000000000e+00,2.639279854573131701e+01
1.035008002072572708e-01,0.000000000000000000e+00,2.639413888553139387e+01
1.031390000134706497e-01,0.000000000000000000e+00,2.639413888553139387e+01
1.026862999424338341e-01,0.000000000000000000e+00,2.640921770828222392e+01
1.024227999150753021e-01,1.000000000000000000e+00,2.641141969509662601e+01
1.024629001040011644e-01,0.000000000000000000e+00,2.642453587742592447e+01
1.032520001754164696e-01,0.000000000000000000e+00,2.642451194278663706e+01
1.030882000923156738e-01,0.000000000000000000e+00,2.642451194278663706e+01
1.031529000028967857e-01,0.000000000000000000e+00,2.642451194278663706e+01
1.025777000468224287e-01,1.800000000000000044e+00,2.642556506691526863e+01
1.028352999128401279e-01,5.400000000000000355e+00,2.654679401490410129e+01
1.025447000283747911e-01,3.200000000000000178e+00,2.658915832644215271e+01
1.025929001625627279e-01,0.000000000000000000e+00,2.657178177831976384e+01
1.032451998908072710e-01,0.000000000000000000e+00,2.657178177831976384e+01
1.025753000285476446e-01,0.000000000000000000e+00,2.657115947769830200e+01
1.023621000349521637e-01,9.000000000000000222e-01,2.657003454965181177e+01
1.033447999507188797e-01,0.000000000000000000e+00,2.657003454965181177e+01
1.030543998349457979e-01,0.000000000000000000e+00,2.657003454965181177e+01
1.033739000558853149e-01,0.000000000000000000e+00,2.658231301960605819e+01
1.031164999585598707e-01,0.000000000000000000e+00,2.658231301960605819e+01
1.023190999403595924e-01,1.000000000000000000e+00,2.658185826145960817e+01
1.031708000227808952e-01,0.000000000000000000e+00,2.658185826145960817e+01
1.026870000641793013e-01,2.000000000000000000e+00,2.594400012446012482e+01
1.026101999450474977e-01,0.000000000000000000e+00,2.599847536347741439e+01
1.023144000209867954e-01,0.000000000000000000e+00,2.599852323275598920e+01
1.022599998395889997e-01,0.000000000000000000e+00,2.599852323275598920e+01
1.030763001181185246e-01,0.000000000000000000e+00,2.599842749419883958e+01
1.031213998794555664e-01,0.000000000000000000e+00,2.599840355955955573e+01
1.034996001981198788e-01,0.000000000000000000e+00,2.599840355955955573e+01
1.031680000014603138e-01,0.000000000000000000e+00,2.601585191159980326e+01
1.029709998983889818e-01,0.000000000000000000e+00,2.601585191159980326e+01
1.026405999436974525e-01,0.000000000000000000e+00,2.602317591122163520e+01
1.022329998668283224e-01,0.000000000000000000e+00,2.602317591122163520e+01
1.021682999562472105e-01,0.000000000000000000e+00,2.602540183267533180e+01
1.027619000524282455e-01,0.000000000000000000e+00,2.602540183267533180e+01
1.023661000654101372e-01,0.000000000000000000e+00,2.602540183267533180e+01
1.034707999788224697e-01,0.000000000000000000e+00,2.602540183267533180e+01
1.034973999485373497e-01,0.000000000000000000e+00,2.602540183267533180e+01
1.036257001105695963e-01,0.000000000000000000e+00,2.602542576731461921e+01
1.037564999423921108e-01,0.000000000000000000e+00,2.602542576731461921e+01
1.034731001127511263e-01,0.000000000000000000e+00,2.602389395040024667e+01
1.033042999915778637e-01,0.000000000000000000e+00,2.602595232937893144e+01
1.032233999576419592e-01,0.000000000000000000e+00,2.602252967596088595e+01
1.025714001152664423e-01,0.000000000000000000e+00,2.602446838174313726e+01
1.023689999710768461e-01,0.000000000000000000e+00,2.603837440716890228e+01
1.028426999691873789e-01,0.000000000000000000e+00,2.603847014572605190e+01
1.028420000802725554e-01,9.000000000000000222e-01,2.603847014572605190e+01
1.030634001363068819e-01,0.000000000000000000e+00,2.603847014572605190e+01
1.026092998217791319e-01,0.000000000000000000e+00,2.603880523067607200e+01
1.023542999755591154e-01,0.000000000000000000e+00,2.603880523067607200e+01
1.031734999269247055e-01,0.000000000000000000e+00,2.604172525666908911e+01
1.031152000650763512e-01,1.000000000000000000e+00,2.605733064148423495e+01
1.025772001594305038e-01,0.000000000000000000e+00,2.603880523067607200e+01
1.027013000566512346e-01,0.000000000000000000e+00,2.604060032862259888e+01
1.028934000059962273e-01,0.000000000000000000e+00,2.604088754429404062e+01
1.031134999357163906e-01,0.000000000000000000e+00,2.604088754429404062e+01
1.033040001057088375e-01,9.000000000000000222e-01,2.604088754429404062e+01
1.032134001143276691e-01,0.000000000000000000e+00,2.605065287712315225e+01
1.035656000021845102e-01,0.000000000000000000e+00,2.605694768725564359e+01
1.034128000028431416e-01,1.000000000000000000e+00,2.605694768725564359e+01
1.031648998614400625e-01,0.000000000000000000e+00,2.605704342581279320e+01
1.032244998496025801e-01,1.100000000000000089e+00,2.605704342581279320e+01
1.032638999167829752e-01,0.000000000000000000e+00,2.605704342581279320e+01
1.034664998296648264e-01,0.000000000000000000e+00,2.605113156990889323e+01
1.030493997968733311e-01,3.100000000000000089e+00,2.605194534764465075e+01
1.035651999991387129e-01,0.000000000000000000e+00,2.605194534764465075e+01
1.035696999169886112e-01,1.000000000000000000e+00,2.605237617115182047e+01
1.025499999523162842e-01,0.000000000000000000e+00,2.605259158290540356e+01
1.031899999361485243e-01,0.000000000000000000e+00,2.605287879857684530e+01
1.032437002286314964e-01,9.000000000000000222e-01,2.605307027569114098e+01
1.036964000668376684e-01,0.000000000000000000e+00,2.605321388352686540e+01
1.033079999033361673e-01,2.000000000000000000e+00,2.605321388352686540e+01
1.026669999118894339e-01,0.000000000000000000e+00,2.605534406642341239e+01
1.026146002113819122e-01,9.000000000000000222e-01,2.605024598825526994e+01
1.035746999550610781e-01,0.000000000000000000e+00,2.605101189671245621e+01
1.036074999719858170e-01,0.000000000000000000e+00,2.605101189671245621e+01
1.025644999463111162e-01,1.000000000000000000e+00,2.605096402743388140e+01
1.031792999710887671e-01,0.000000000000000000e+00,2.605153845877677554e+01
1.025920000392943621e-01,0.000000000000000000e+00,2.605153845877677554e+01
1.029747999273240566e-01,0.000000000000000000e+00,2.605153845877677554e+01
1.035093001555651426e-01,0.000000000000000000e+00,2.605326175280544021e+01
1.031194000970572233e-01,0.000000000000000000e+00,2.605443455013050524e+01
1.025719998870044947e-01,0.000000000000000000e+00,2.605634932127346559e+01
1.023770000319927931e-01,0.000000000000000000e+00,2.605694768725564359e+01
1.030604001134634018e-01,0.000000000000000000e+00,2.605754605323781803e+01
1.036243999842554331e-01,0.000000000000000000e+00,2.605084435423744438e+01
1.031178999692201614e-01,0.000000000000000000e+00,2.605084435423744438e+01
1.031201002188026905e-01,9.000000000000000222e-01,2.605103583135174361e+01
1.028621001169085503e-01,0.000000000000000000e+00,2.605103583135174361e+01
1.031743998173624277e-01,0.000000000000000000e+00,2.605103583135174361e+01
1.035408999305218458e-01,0.000000000000000000e+00,2.605103583135174361e+01
1.031613000668585300e-01,0.000000000000000000e+00,2.605110763526960582e+01
1.027965999674052000e-01,0.000000000000000000e+00,2.605309421033042838e+01
1.024172001052647829e-01,0.000000000000000000e+00,2.605756998787710543e+01
1.032259000930935144e-01,0.000000000000000000e+00,2.605756998787710543e+01
1.036565001122653484e-01,0.000000000000000000e+00,2.605656473302704867e+01
1.035579999443143606e-01,0.000000000000000000e+00,2.605094009279459399e+01
1.034774000290781260e-01,0.000000000000000000e+00,2.605094009279459399e+01
1.031904998235404491e-01,0.000000000000000000e+00,2.605094009279459399e+01
1.031678998842835426e-01,0.000000000000000000e+00,2.605094009279459399e+01
1.035603999625891447e-01,0.000000000000000000e+00,2.605103583135174361e+01
1.031826999969780445e-01,0.000000000000000000e+00,2.605120337382675189e+01
1.028932998888194561e-01,0.000000000000000000e+00,2.605376438023046504e+01
1.031059999950230122e-01,0.000000000000000000e+00,2.605400372662333552e+01
1.031210999935865402e-01,0.000000000000000000e+00,2.605400372662333552e+01
1.035650998819619417e-01,0.000000000000000000e+00,2.605400372662333552e+01
1.026512000244110823e-01,0.000000000000000000e+00,2.605089222351601919e+01
1.024100999347865582e-01,0.000000000000000000e+00,2.605089222351601919e+01
1.031967001035809517e-01,0.000000000000000000e+00,2.605089222351601919e+01
1.031010001897811890e-01,0.000000000000000000e+00,2.605089222351601919e+01
1.035207998938858509e-01,0.000000000000000000e+00,2.605091615815530659e+01
1.031081001274287701e-01,0.000000000000000000e+00,2.605091615815530659e+01
1.025396001059561968e-01,0.000000000000000000e+00,2.605366864167331542e+01
1.032791999168694019e-01,0.000000000000000000e+00,2.605366864167331542e+01
1.036294999066740274e-01,0.000000000000000000e+00,2.605366864167331542e+01
1.037707000505179167e-01,0.000000000000000000e+00,2.605366864167331542e+01
1.028569000773131847e-01,0.000000000000000000e+00,2.605077255031958927e+01
1.025086999870836735e-01,0.000000000000000000e+00,2.605091615815530659e+01
1.029284000396728516e-01,0.000000000000000000e+00,2.605091615815530659e+01
1.030985000543296337e-01,0.000000000000000000e+00,2.605132304702318891e+01
1.030339000280946493e-01,0.000000000000000000e+00,2.605132304702318891e+01
1.031601000577211380e-01,0.000000000000000000e+00,2.605177780516963892e+01
1.025892000179737806e-01,0.000000000000000000e+00,2.605378831486975244e+01
1.033298999536782503e-01,9.000000000000000222e-01,2.605378831486975244e+01
1.036590998992323875e-01,0.000000000000000000e+00,2.605378831486975244e+01
1.025425000116229057e-01,1.100000000000000089e+00,2.601865226439638690e+01
1.027479001786559820e-01,2.799999999999999822e+00,2.597650336461191856e+01
1.022566000465303659e-01,2.100000000000000089e+00,2.591985007341950364e+01
1.023035000544041395e-01,6.400000000000000355e+00,2.590845718511887696e+01
1.025902999099344015e-01,7.099999999999999645e+00,2.590702110676165759e+01
1.022865001577883959e-01,6.200000000000000178e+00,2.590601585191160083e+01
1.026756002102047205e-01,2.000000000000000000e+00,2.587040110865249076e+01
1.027096000034362078e-01,3.700000000000000178e+00,2.584483891389393762e+01
1.029759999364614487e-01,1.899999999999999911e+00,2.579361878581968170e+01
1.026820000261068344e-01,2.000000000000000000e+00,2.576358081351445151e+01
1.027214000932872295e-01,3.700000000000000178e+00,2.571520890751535759e+01
1.026862000580877066e-01,2.000000000000000000e+00,2.566602322378049905e+01
1.025441000238060951e-01,6.299999999999999822e+00,2.572854050159823558e+01
1.027140000369399786e-01,7.599999999999999645e+00,2.568411781108149583e+01
1.025874000042676926e-01,5.900000000000000355e+00,2.563576983972168932e+01
1.028978000394999981e-01,2.000000000000000000e+00,2.559828819459819016e+01
1.025086999870836735e-01,4.200000000000000178e+00,2.552157767568324331e+01
1.028622000012546778e-01,4.000000000000000000e+00,2.566908685760924058e+01
1.026048001367598772e-01,2.000000000000000000e+00,2.589143965658579560e+01
1.030850999522954226e-01,0.000000000000000000e+00,2.589160719906080743e+01
1.026642001233994961e-01,1.000000000000000000e+00,2.588459434974970108e+01
1.025767000392079353e-01,0.000000000000000000e+00,2.588495336933900859e+01
1.026765001006424427e-01,0.000000000000000000e+00,2.588610223202478977e+01
1.030583998654037714e-01,9.000000000000000222e-01,2.588610223202478977e+01
1.031946002040058374e-01,0.000000000000000000e+00,2.588610223202478977e+01
1.031825998798012733e-01,0.000000000000000000e+00,2.590503453170083148e+01
1.024412999395281076e-01,0.000000000000000000e+00,2.590867259687246360e+01
1.032118001021444798e-01,0.000000000000000000e+00,2.590872046615103486e+01
1.035162000916898251e-01,0.000000000000000000e+00,2.590852898903673918e+01
1.032216001767665148e-01,0.000000000000000000e+00,2.590860079295460139e+01
1.026334001217037439e-01,9.000000000000000222e-01,2.599866684059171007e+01
1.030331999063491821e-01,1.100000000000000089e+00,2.599897799090244277e+01
1.032579999882727861e-01,0.000000000000000000e+00,2.599897799090244277e+01
1.032052999362349510e-01,0.000000000000000000e+00,2.599900192554173017e+01
1.031639000866562128e-01,1.000000000000000000e+00,2.599904979482030498e+01
1.026173001155257225e-01,0.000000000000000000e+00,2.599964816080247942e+01
1.027848999947309494e-01,0.000000000000000000e+00,2.600180227833831381e+01
1.031888001598417759e-01,0.000000000000000000e+00,2.600180227833831381e+01
1.031802999787032604e-01,0.000000000000000000e+00,2.600182621297760122e+01
1.036431998945772648e-01,3.700000000000000178e+00,2.600182621297760122e+01
1.028995998203754425e-01,0.000000000000000000e+00,2.600185014761688862e+01
1.031154999509453773e-01,0.000000000000000000e+00,2.600309474885981231e+01
1.027204999700188637e-01,0.000000000000000000e+00,2.600309474885981231e+01
1.026656001340597868e-01,0.000000000000000000e+00,2.600110817379899331e+01
1.027094000019133091e-01,1.699999999999999956e+00,2.600110817379899331e+01
1.030627000145614147e-01,0.000000000000000000e+00,2.600110817379899331e+01
1.025423998944461346e-01,0.000000000000000000e+00,2.600321442205624933e+01
1.027827002108097076e-01,0.000000000000000000e+00,2.600321442205624933e+01
1.025536998640745878e-01,0.000000000000000000e+00,2.600321442205624933e+01
1.031937999650835991e-01,0.000000000000000000e+00,2.600321442205624933e+01
1.023234999738633633e-01,0.000000000000000000e+00,2.600321442205624933e+01
1.033042001072317362e-01,0.000000000000000000e+00,2.600321442205624933e+01
1.030617000069469213e-01,0.000000000000000000e+00,2.600321442205624933e+01
1.032195999287068844e-01,0.000000000000000000e+00,2.600402819979200686e+01
1.023663999512791634e-01,0.000000000000000000e+00,2.600287933710623278e+01
1.025119000114500523e-01,0.000000000000000000e+00,2.600287933710623278e+01
1.027312001679092646e-01,2.000000000000000000e+00,2.603555011973303124e+01
1.032145000062882900e-01,0.000000000000000000e+00,2.603631602819022106e+01
1.035270998254418373e-01,0.000000000000000000e+00,2.603631602819022106e+01
1.030353000387549400e-01,0.000000000000000000e+00,2.603631602819022106e+01
1.025666999630630016e-01,1.000000000000000000e+00,2.603631602819022106e+01
1.025001998059451580e-01,0.000000000000000000e+00,2.603490388447228199e+01
1.033508998807519674e-01,0.000000000000000000e+00,2.603490388447228199e+01
1.031635999679565430e-01,0.000000000000000000e+00,2.603490388447228199e+01
1.027889000251889229e-01,0.000000000000000000e+00,2.603490388447228199e+01
1.034407000988721848e-01,0.000000000000000000e+00,2.603495175375085680e+01
1.031437001656740904e-01,0.000000000000000000e+00,2.600357344164555684e+01
1.030067000538110733e-01,0.000000000000000000e+00,2.600357344164555684e+01
1.031037999782711267e-01,0.000000000000000000e+00,2.600357344164555684e+01
1.028767998795956373e-01,0.000000000000000000e+00,2.600357344164555684e+01
1.033226000145077705e-01,0.000000000000000000e+00,2.600357344164555684e+01
1.027476999443024397e-01,0.000000000000000000e+00,2.600402819979200686e+01
1.031534001231193542e-01,0.000000000000000000e+00,2.614773177407136373e+01
1.032283999957144260e-01,0.000000000000000000e+00,2.614782751262851335e+01
1.030749999918043613e-01,0.000000000000000000e+00,2.616048893681135468e+01
1.025155999232083559e-01,0.000000000000000000e+00,2.627396306167118922e+01
1.033946999814361334e-01,1.000000000000000000e+00,2.619330332727388111e+01
1.029763000551611185e-01,0.000000000000000000e+00,2.617516087069430952e+01
1.032364999409765005e-01,0.000000000000000000e+00,2.617518480533359693e+01
1.030031999107450247e-01,0.000000000000000000e+00,2.617532841316931780e+01
1.030072998255491257e-01,1.300000000000000044e+00,2.617829630844090616e+01
1.032195999287068844e-01,0.000000000000000000e+00,2.617839204699805578e+01
1.035694000311195850e-01,0.000000000000000000e+00,2.617839204699805578e+01
1.031418999191373587e-01,0.000000000000000000e+00,2.617839204699805578e+01
1.025154001545161009e-01,0.000000000000000000e+00,2.617843991627663058e+01
1.026145000942051411e-01,0.000000000000000000e+00,2.618116846515535201e+01
1.034383999649435282e-01,0.000000000000000000e+00,2.618116846515535201e+01
1.030512999277561903e-01,0.000000000000000000e+00,2.617848778555520539e+01
1.031521998811513186e-01,0.000000000000000000e+00,2.617848778555520539e+01
1.026560999453067780e-01,0.000000000000000000e+00,2.617848778555520539e+01
1.029137999285012484e-01,1.000000000000000000e+00,2.617848778555520539e+01
1.031776999589055777e-01,0.000000000000000000e+00,2.617846385091591799e+01
1.033085000235587358e-01,0.000000000000000000e+00,2.617846385091591799e+01
1.028771998826414347e-01,0.000000000000000000e+00,2.618040255669816929e+01
1.034012001473456621e-01,0.000000000000000000e+00,2.618040255669816929e+01
1.023126998916268349e-01,1.100000000000000089e+00,2.618262847815186589e+01
1.031629999633878469e-01,0.000000000000000000e+00,2.618262847815186589e+01
1.036113998852670193e-01,0.000000000000000000e+00,2.618262847815186589e+01
1.036902000196278095e-01,0.000000000000000000e+00,2.617939730184811253e+01
1.032501000445336103e-01,0.000000000000000000e+00,2.617939730184811253e+01
1.032484001480042934e-01,0.000000000000000000e+00,2.617939730184811253e+01
1.032891001086682081e-01,1.000000000000000000e+00,2.617939730184811253e+01
1.035285999532788992e-01,0.000000000000000000e+00,2.617939730184811253e+01
1.035859999246895313e-01,0.000000000000000000e+00,2.617939730184811253e+01
1.032355998177081347e-01,1.100000000000000089e+00,2.617327003419063303e+01
1.026288000866770744e-01,0.000000000000000000e+00,2.617786548493374355e+01
1.032543999608606100e-01,1.000000000000000000e+00,2.617786548493374355e+01
1.036239000968635082e-01,0.000000000000000000e+00,2.617786548493374355e+01
1.027287000324577093e-01,0.000000000000000000e+00,2.617884680514451290e+01
1.032408999744802713e-01,1.000000000000000000e+00,2.617731498823014391e+01
1.035181998740881681e-01,0.000000000000000000e+00,2.617731498823014391e+01
1.032261999789625406e-01,0.000000000000000000e+00,2.617731498823014391e+01
1.031188999768346548e-01,0.000000000000000000e+00,2.617731498823014391e+01
1.029622999485582113e-01,9.000000000000000222e-01,2.617774581173730652e+01
1.028632000088691711e-01,0.000000000000000000e+00,2.617796122349089316e+01
1.028631001245230436e-01,0.000000000000000000e+00,2.623971259285143987e+01
1.032217999454587698e-01,9.000000000000000222e-01,2.623971259285143987e+01
1.039451998658478260e-01,0.000000000000000000e+00,2.623971259285143987e+01
1.026072001550346613e-01,1.100000000000000089e+00,2.624028702419433046e+01
1.029962999746203423e-01,0.000000000000000000e+00,2.622932495940086994e+01
1.033747000619769096e-01,0.000000000000000000e+00,2.622994726002232824e+01
1.027100000064820051e-01,1.000000000000000000e+00,2.623320237096536900e+01
1.032164001371711493e-01,0.000000000000000000e+00,2.623320237096536900e+01
1.028322998899966478e-01,0.000000000000000000e+00,2.623344171735823593e+01
1.027880001347512007e-01,0.000000000000000000e+00,2.623344171735823593e+01
1.031754000578075647e-01,0.000000000000000000e+00,2.623554796561549551e+01
1.030232999473810196e-01,2.399999999999999911e+00,2.623554796561549551e+01
1.029473000671714544e-01,0.000000000000000000e+00,2.623554796561549551e+01
1.035513998940587044e-01,0.000000000000000000e+00,2.623679256685842631e+01
1.032445998862385750e-01,0.000000000000000000e+00,2.623679256685842631e+01
1.025746001396328211e-01,0.000000000000000000e+00,2.623380073694754344e+01
1.028903999831527472e-01,0.000000000000000000e+00,2.623399221406184267e+01
1.036783000454306602e-01,0.000000000000000000e+00,2.623425549509400057e+01
1.032516001723706722e-01,0.000000000000000000e+00,2.623425549509400057e+01
1.026909002102911472e-01,0.000000000000000000e+00,2.623650535118697746e+01
1.031420999206602573e-01,0.000000000000000000e+00,2.624263261884445697e+01
1.032227999530732632e-01,0.000000000000000000e+00,2.624263261884445697e+01
1.032925001345574856e-01,0.000000000000000000e+00,2.624263261884445697e+01
1.035703001543879509e-01,0.000000000000000000e+00,2.624263261884445697e+01
1.036060000769793987e-01,1.899999999999999911e+00,2.624277622668018140e+01
1.036873999983072281e-01,0.000000000000000000e+00,2.624277622668018140e+01
1.026341000106185675e-01,0.000000000000000000e+00,2.623964078893358121e+01
1.023987999651581049e-01,9.000000000000000222e-01,2.623964078893358121e+01
1.029795000795274973e-01,0.000000000000000000e+00,2.623964078893358121e+01
1.026844000443816185e-01,0.000000000000000000e+00,2.624177097183012464e+01
1.032016000244766474e-01,0.000000000000000000e+00,2.624177097183012464e+01
1.031685001216828823e-01,0.000000000000000000e+00,2.624177097183012464e+01
1.027775998227298260e-01,0.000000000000000000e+00,2.624177097183012464e+01
1.032018000259995461e-01,0.000000000000000000e+00,2.624177097183012464e+01
1.033489999826997519e-01,0.000000000000000000e+00,2.624177097183012464e+01
1.030729000922292471e-01,0.000000000000000000e+00,2.624177097183012464e+01
1.031025000847876072e-01,0.000000000000000000e+00,2.624222572997658176e+01
1.025566000025719404e-01,1.000000000000000000e+00,2.624095719409436711e+01
1.032950999215245247e-01,0.000000000000000000e+00,2.624119654048723760e+01
1.025526998564600945e-01,0.000000000000000000e+00,2.626046392511330296e+01
1.026759999804198742e-01,0.000000000000000000e+00,2.623454271076543876e+01
1.027881999034434557e-01,0.000000000000000000e+00,2.619459579779537961e+01
1.027595000341534615e-01,0.000000000000000000e+00,2.612511353994511509e+01
1.024551999289542437e-01,3.200000000000000178e+00,2.611810069063401585e+01
1.029727000277489424e-01,5.700000000000000178e+00,2.611745445537326660e+01
1.026447999756783247e-01,5.000000000000000000e+00,2.611676035083394609e+01
1.023041999433189631e-01,1.000000000000000000e+00,2.610871831203349558e+01
1.024892998393625021e-01,3.000000000000000000e+00,2.608090626118196198e+01
1.024394999258220196e-01,0.000000000000000000e+00,2.599459795191291889e+01
1.027053999714553356e-01,1.100000000000000089e+00,2.596238192743256690e+01
1.022646001074463129e-01,1.000000000000000000e+00,2.593066853037724329e+01
1.026679000351577997e-01,0.000000000000000000e+00,2.583650965942205247e+01
1.024595999624580145e-01,5.000000000000000000e+00,2.582925746371807918e+01
1.027339999563992023e-01,5.000000000000000000e+00,2.580130180503082471e+01
1.027348998468369246e-01,6.599999999999999645e+00,2.576674018590034265e+01
1.023911999072879553e-01,1.000000000000000000e+00,2.573550548163076002e+01
1.027891000267118216e-01,3.100000000000000089e+00,2.573971797814528273e+01
1.027943999506533146e-01,5.099999999999999645e+00,2.590580044015801775e+01
1.025790001731365919e-01,4.200000000000000178e+00,2.608195938531059355e+01
1.027657000813633204e-01,0.000000000000000000e+00,2.608408956820714053e+01
1.023413999937474728e-01,0.000000000000000000e+00,2.608813452224664786e+01
1.029479000717401505e-01,0.000000000000000000e+00,2.608583679687509616e+01
1.025965998414903879e-01,1.000000000000000000e+00,2.608581286223580875e+01
1.027375999838113785e-01,9.000000000000000222e-01,2.668434638688669125e+01
1.033369000069797039e-01,0.000000000000000000e+00,2.668434638688669125e+01
1.030953000299632549e-01,0.000000000000000000e+00,2.668434638688669125e+01
1.023866999894380569e-01,0.000000000000000000e+00,2.668434638688669125e+01
1.031811998691409826e-01,0.000000000000000000e+00,2.668494475286886569e+01
1.028847000561654568e-01,2.700000000000000178e+00,2.667692664870770969e+01
1.026260999497026205e-01,0.000000000000000000e+00,2.668527983781888224e+01
1.032225999515503645e-01,0.000000000000000000e+00,2.668547131493317792e+01
1.027786000631749630e-01,1.100000000000000089e+00,2.677185142812009033e+01
1.033866999205201864e-01,0.000000000000000000e+00,2.677185142812009033e+01
1.028412999585270882e-01,0.000000000000000000e+00,2.677185142812009033e+01
1.030180999077856541e-01,0.000000000000000000e+00,2.677197110131652735e+01
1.035543000325560570e-01,0.000000000000000000e+00,2.677201897059509506e+01
1.028831000439822674e-01,1.100000000000000089e+00,2.677283274833085969e+01
1.029882000293582678e-01,0.000000000000000000e+00,2.677355078750947115e+01
1.025896999053657055e-01,1.000000000000000000e+00,2.677570490504529843e+01
1.026884000748395920e-01,0.000000000000000000e+00,2.677422095740950425e+01
1.032779000233858824e-01,0.000000000000000000e+00,2.677422095740950425e+01
1.033902000635862350e-01,2.200000000000000178e+00,2.677486719267025350e+01
1.036187000572681427e-01,0.000000000000000000e+00,2.677486719267025350e+01
1.026459999848157167e-01,0.000000000000000000e+00,2.677503473514526533e+01
1.031120999250560999e-01,0.000000000000000000e+00,2.677503473514526533e+01
1.036653998307883739e-01,0.000000000000000000e+00,2.677503473514526533e+01
1.029071998782455921e-01,1.100000000000000089e+00,2.677503473514526533e+01
1.028219000436365604e-01,0.000000000000000000e+00,2.677503473514526533e+01
1.025525999721139669e-01,1.000000000000000000e+00,2.677790689185971118e+01
1.027794000692665577e-01,0.000000000000000000e+00,2.677548949329172245e+01
1.032312000170350075e-01,0.000000000000000000e+00,2.677558523184886852e+01
1.031579000409692526e-01,1.899999999999999911e+00,2.677620753247033036e+01
1.037007998675107956e-01,0.000000000000000000e+00,2.677620753247033036e+01
1.034788000397384167e-01,0.000000000000000000e+00,2.677620753247033036e+01
1.031727001536637545e-01,8.000000000000000444e-01,2.677637507494534219e+01
1.035972000099718571e-01,0.000000000000000000e+00,2.678097052568845271e+01
1.031607000622898340e-01,0.000000000000000000e+00,2.678097052568845271e+01
1.033322999719530344e-01,0.000000000000000000e+00,2.684135762060964225e+01
1.025753000285476446e-01,0.000000000000000000e+00,2.684367928062048136e+01
1.032505000475794077e-01,8.000000000000000444e-01,2.684537864000985863e+01
1.027249000035226345e-01,0.000000000000000000e+00,2.684114220885605562e+01
1.035349001176655293e-01,0.000000000000000000e+00,2.684114220885605562e+01
1.032401002012193203e-01,0.000000000000000000e+00,2.684286550288472029e+01
1.031315000727772713e-01,0.000000000000000000e+00,2.684286550288472029e+01
1.032897999975830317e-01,0.000000000000000000e+00,2.684286550288472029e+01
1.033050001133233309e-01,0.000000000000000000e+00,2.684286550288472029e+01
1.027663999702781439e-01,0.000000000000000000e+00,2.684310484927759433e+01
1.027828999795019627e-01,0.000000000000000000e+00,2.684564192104201652e+01
1.025791999418288469e-01,0.000000000000000000e+00,2.684777210393856706e+01
1.026499001309275627e-01,9.000000000000000222e-01,2.684791571177428793e+01
1.028854001779109240e-01,0.000000000000000000e+00,2.684791571177428793e+01
1.028325001243501902e-01,0.000000000000000000e+00,2.684554618248487046e+01
1.030731999780982733e-01,0.000000000000000000e+00,2.684585733279560316e+01
1.031593000516295433e-01,0.000000000000000000e+00,2.684612061382775750e+01
1.030728998593986034e-01,0.000000000000000000e+00,2.684616848310633230e+01
1.029354999773204327e-01,0.000000000000000000e+00,2.684671897980993549e+01
1.029286000411957502e-01,0.000000000000000000e+00,2.684738914970997214e+01
1.033661998808383942e-01,0.000000000000000000e+00,2.684738914970997214e+01
1.030955000314861536e-01,0.000000000000000000e+00,2.684992622147439789e+01
1.029519001021981239e-01,0.000000000000000000e+00,2.684992622147439789e+01
1.034981000702828169e-01,1.199999999999999956e+00,2.685021343714584319e+01
1.030395000707358122e-01,0.000000000000000000e+00,2.685021343714584319e+01
1.026039000134915113e-01,0.000000000000000000e+00,2.684741308434925955e+01
1.032623001374304295e-01,0.000000000000000000e+00,2.684741308434925955e+01
1.029512998647987843e-01,0.000000000000000000e+00,2.684741308434925955e+01
1.031697997823357582e-01,0.000000000000000000e+00,2.684789177713500408e+01
1.036216998472809792e-01,0.000000000000000000e+00,2.684798751569214659e+01
1.030336997937411070e-01,0.000000000000000000e+00,2.684908850909934941e+01
1.032378000672906637e-01,0.000000000000000000e+00,2.685028524106370540e+01
1.038750999141484499e-01,0.000000000000000000e+00,2.685028524106370540e+01
1.030123000964522362e-01,0.000000000000000000e+00,2.685188886189593305e+01
1.032336000353097916e-01,0.000000000000000000e+00,2.685188886189593305e+01
1.030994998291134834e-01,0.000000000000000000e+00,2.685188886189593305e+01
1.030633999034762383e-01,0.000000000000000000e+00,2.684963900580295615e+01
1.023949000518769026e-01,0.000000000000000000e+00,2.684963900580295615e+01
1.032269999850541353e-01,0.000000000000000000e+00,2.684968687508153096e+01
1.033341998700052500e-01,0.000000000000000000e+00,2.686668046897532491e+01
1.025867999996989965e-01,0.000000000000000000e+00,2.686895425970758922e+01
1.032392000779509544e-01,0.000000000000000000e+00,2.686895425970758922e+01
1.025268000084906816e-01,2.899999999999999911e+00,2.663585480769115676e+01
1.024356000125408173e-01,2.899999999999999911e+00,2.670770659483083875e+01
1.026239998172968626e-01,2.200000000000000178e+00,2.645751781036345562e+01
1.027571000158786774e-01,3.200000000000000178e+00,2.631204307277685928e+01
1.027577000204473734e-01,2.799999999999999822e+00,2.620981822838193764e+01
1.025000000372529030e-01,1.000000000000000000e+00,2.614663078066416091e+01
1.027903999201953411e-01,2.600000000000000089e+00,2.616927294942969340e+01
1.026172998826950788e-01,1.100000000000000089e+00,2.609782805115789373e+01
1.027573000174015760e-01,2.799999999999999822e+00,2.609864182889365836e+01
1.026558000594377518e-01,2.000000000000000000e+00,2.607899149003899808e+01
1.025843999814242125e-01,1.199999999999999956e+00,2.607032715061709638e+01
1.025777000468224287e-01,0.000000000000000000e+00,2.607032715061709638e+01
1.026952001266181469e-01,0.000000000000000000e+00,2.607042288917424244e+01
1.031273999251425266e-01,0.000000000000000000e+00,2.607042288917424244e+01
1.033040999900549650e-01,1.000000000000000000e+00,2.598722608301250858e+01
1.035271999426186085e-01,0.000000000000000000e+00,2.598753723332324483e+01
1.024540001526474953e-01,1.000000000000000000e+00,2.598753723332324483e+01
1.031953999772667885e-01,0.000000000000000000e+00,2.598787231827325783e+01
1.030176999047398567e-01,0.000000000000000000e+00,2.598875789992687757e+01
1.032338999211788177e-01,0.000000000000000000e+00,2.598990676261265875e+01
1.027621999382972717e-01,1.100000000000000089e+00,2.566365369449108513e+01
1.031241999007761478e-01,7.700000000000000178e+00,2.610953208976926021e+01
1.032800001557916403e-01,9.800000000000000711e+00,2.603504749230800641e+01
1.025016000494360924e-01,5.400000000000000355e+00,2.521904383509512115e+01
1.026779999956488609e-01,8.800000000000000711e+00,2.574917216066365810e+01
1.025455999188125134e-01,4.400000000000000355e+00,2.602552150587176882e+01
1.027317000553011894e-01,0.000000000000000000e+00,2.602552150587176882e+01
1.028326000086963177e-01,9.000000000000000222e-01,2.602552150587176882e+01
1.030689999461174011e-01,0.000000000000000000e+00,2.601623486582839817e+01
1.023411999922245741e-01,1.000000000000000000e+00,2.601623486582839817e+01
1.030697999522089958e-01,0.000000000000000000e+00,2.601623486582839817e+01
1.036813999526202679e-01,0.000000000000000000e+00,2.601623486582839817e+01
1.030334001407027245e-01,0.000000000000000000e+00,2.601668962397484819e+01
1.031414000317454338e-01,0.000000000000000000e+00,2.601668962397484819e+01
1.029342000838369131e-01,9.000000000000000222e-01,2.601692897036771868e+01
1.027033000718802214e-01,0.000000000000000000e+00,2.598952380838406384e+01
1.032451000064611435e-01,0.000000000000000000e+00,2.600177834369902641e+01
1.032285999972373247e-01,0.000000000000000000e+00,2.600177834369902641e+01
1.026437999680638313e-01,0.000000000000000000e+00,2.600407606907058167e+01
1.028475998900830746e-01,0.000000000000000000e+00,2.600453082721703879e+01
1.033727999310940504e-01,0.000000000000000000e+00,2.600453082721703879e+01
1.030085999518632889e-01,0.000000000000000000e+00,2.600453082721703879e+01
1.034190000500530005e-01,1.000000000000000000e+00,2.600477017360990217e+01
1.038053000811487436e-01,0.000000000000000000e+00,2.600477017360990217e+01
1.032094999682158232e-01,0.000000000000000000e+00,2.600484197752776439e+01
1.030825998168438673e-01,0.000000000000000000e+00,2.600252031751692527e+01
1.031623000744730234e-01,0.000000000000000000e+00,2.600252031751692527e+01
1.026547998189926147e-01,0.000000000000000000e+00,2.600252031751692527e+01
1.030929998960345984e-01,0.000000000000000000e+00,2.600460263113489745e+01
1.032703001983463764e-01,1.100000000000000089e+00,2.601685716644986002e+01
1.031261000316590071e-01,0.000000000000000000e+00,2.601685716644986002e+01
1.031259000301361084e-01,0.000000000000000000e+00,2.601685716644986002e+01
1.032769000157713890e-01,0.000000000000000000e+00,2.601688110108914387e+01
1.032634999137371778e-01,0.000000000000000000e+00,2.601688110108914387e+01
1.035753998439759016e-01,0.000000000000000000e+00,2.601740766315345610e+01
1.031166999600827694e-01,0.000000000000000000e+00,2.601740766315345610e+01
1.026708998251706362e-01,0.000000000000000000e+00,2.601554076128907411e+01
1.026318001095205545e-01,4.799999999999999822e+00,2.598263063226939806e+01
1.024811000097543001e-01,3.600000000000000089e+00,2.587317752680978700e+01
1.024257999379187822e-01,4.900000000000000355e+00,2.584632286152973535e+01
1.027148999273777008e-01,6.500000000000000000e+00,2.584570056090826995e+01
1.023623999208211899e-01,6.500000000000000000e+00,2.584543727987611561e+01
1.025874000042676926e-01,4.299999999999999822e+00,2.589426394402166665e+01
1.025843000970780849e-01,6.000000000000000000e+00,2.588796913388917886e+01
1.024122999515384436e-01,6.700000000000000178e+00,2.578464329608704375e+01
1.027449998073279858e-01,6.500000000000000000e+00,2.575503614728898327e+01
1.026671000290662050e-01,2.200000000000000178e+00,2.574780788622430094e+01
1.027480000630021095e-01,1.899999999999999911e+00,2.563160521248574142e+01
1.028322998899966478e-01,3.100000000000000089e+00,2.561346275590616983e+01
1.026796000078320503e-01,5.700000000000000178e+00,2.560625842948077135e+01
1.027108000125735998e-01,7.000000000000000000e+00,2.556533019629994641e+01
1.022121999412775040e-01,6.200000000000000178e+00,2.548993608254578191e+01
1.027458999305963516e-01,2.500000000000000000e+00,2.543311524887836228e+01
1.025297001469880342e-01,4.599999999999999645e+00,2.558677563310112646e+01
1.027631000615656376e-01,7.299999999999999822e+00,2.581460946447441529e+01
1.026997000444680452e-01,0.000000000000000000e+00,2.584773500524766732e+01
1.026924999896436930e-01,0.000000000000000000e+00,2.594019451681348443e+01
1.028269000817090273e-01,0.000000000000000000e+00,2.594244437290646488e+01
1.023589998949319124e-01,0.000000000000000000e+00,2.594297093497078421e+01
1.026628999970853329e-01,9.000000000000000222e-01,2.593799252999907523e+01
1.030745999887585640e-01,0.000000000000000000e+00,2.593799252999907523e+01
1.030462998896837234e-01,0.000000000000000000e+00,2.593703514442759328e+01
1.029120001476258039e-01,0.000000000000000000e+00,2.593763351040977483e+01
1.025642000604420900e-01,0.000000000000000000e+00,2.593763351040977483e+01
1.030872000847011805e-01,0.000000000000000000e+00,2.593763351040977483e+01
1.030759001150727272e-01,0.000000000000000000e+00,2.593763351040977483e+01
1.025865999981760979e-01,0.000000000000000000e+00,2.593188919698088313e+01
1.026566000655293465e-01,0.000000000000000000e+00,2.593430659554887185e+01
1.029630999546498060e-01,1.000000000000000000e+00,2.593492889617034081e+01
1.028928000014275312e-01,1.899999999999999911e+00,2.602817825083262804e+01
1.028461998794227839e-01,0.000000000000000000e+00,2.602894415928981431e+01
1.035553999245166779e-01,0.000000000000000000e+00,2.603016482589344704e+01
1.025575001258403063e-01,0.000000000000000000e+00,2.603016482589344704e+01
1.028889999724924564e-01,0.000000000000000000e+00,2.603076319187562859e+01
1.033626000862568617e-01,1.000000000000000000e+00,2.603076319187562859e+01
1.031647999770939350e-01,0.000000000000000000e+00,2.603145729641494910e+01
1.035482999868690968e-01,0.000000000000000000e+00,2.603138549249709044e+01
1.029752998147159815e-01,6.200000000000000178e+00,2.615254263656806089e+01
1.026496000122278929e-01,3.100000000000000089e+00,2.620835821538542376e+01
1.027570997830480337e-01,1.000000000000000000e+00,2.620835821538542376e+01
1.026955998968333006e-01,0.000000000000000000e+00,2.620835821538542376e+01
1.030464000068604946e-01,0.000000000000000000e+00,2.620835821538542376e+01
1.032317001372575760e-01,0.000000000000000000e+00,2.622214456761475887e+01
1.031280001625418663e-01,0.000000000000000000e+00,2.622214456761475887e+01
1.037006999831646681e-01,0.000000000000000000e+00,2.622214456761475887e+01
1.032086999621242285e-01,0.000000000000000000e+00,2.622214456761475887e+01
1.031643000897020102e-01,0.000000000000000000e+00,2.622214456761475887e+01
1.024107001721858978e-01,1.000000000000000000e+00,2.621730977047877431e+01
1.028459998778998852e-01,1.000000000000000000e+00,2.604557873359429720e+01
1.032507000491023064e-01,1.000000000000000000e+00,2.601604338871409894e+01
1.032604000065475702e-01,0.000000000000000000e+00,2.601604338871409894e+01
1.031615999527275562e-01,0.000000000000000000e+00,2.601604338871409894e+01
1.031567999161779881e-01,1.100000000000000089e+00,2.601616306191053596e+01
1.036241999827325344e-01,0.000000000000000000e+00,2.601616306191053596e+01
1.027222999837249517e-01,2.000000000000000000e+00,2.601616306191053596e+01
1.032719998620450497e-01,0.000000000000000000e+00,2.606171068047375883e+01
1.026943000033497810e-01,0.000000000000000000e+00,2.606173461511304623e+01
1.033949998673051596e-01,0.000000000000000000e+00,2.606025066747725205e+01
1.032104999758303165e-01,0.000000000000000000e+00,2.605043746536956917e+01
1.034138998948037624e-01,0.000000000000000000e+00,2.605043746536956917e+01
1.032142001204192638e-01,2.000000000000000000e+00,2.605043746536956917e+01
1.035450000781565905e-01,0.000000000000000000e+00,2.605046140000885657e+01
1.031806999817490578e-01,0.000000000000000000e+00,2.605046140000885657e+01
1.031645999755710363e-01,0.000000000000000000e+00,2.605082041959816408e+01
1.033034999854862690e-01,0.000000000000000000e+00,2.605082041959816408e+01
1.034337999299168587e-01,0.000000000000000000e+00,2.605082041959816408e+01
1.030986998230218887e-01,0.000000000000000000e+00,2.604964762227309905e+01
1.036384999752044678e-01,0.000000000000000000e+00,2.604974336083024511e+01
1.028750999830663204e-01,2.100000000000000089e+00,2.606005919036295637e+01
1.031759998295456171e-01,0.000000000000000000e+00,2.606005919036295637e+01
1.034446998964995146e-01,2.000000000000000000e+00,2.606005919036295637e+01
1.028836998157203197e-01,0.000000000000000000e+00,2.606005919036295637e+01
1.031546997837722301e-01,0.000000000000000000e+00,2.606068149098442177e+01
1.031219998840242624e-01,0.000000000000000000e+00,2.606068149098442177e+01
1.031508001033216715e-01,0.000000000000000000e+00,2.606068149098442177e+01
1.035977001301944256e-01,0.000000000000000000e+00,2.606068149098442177e+01
1.028233000542968512e-01,0.000000000000000000e+00,2.605697162189493099e+01
1.030608001165091991e-01,0.000000000000000000e+00,2.605711522973065541e+01
1.032416000962257385e-01,0.000000000000000000e+00,2.605711522973065541e+01
1.026526000350713730e-01,0.000000000000000000e+00,2.605905393551289961e+01
1.032492998056113720e-01,0.000000000000000000e+00,2.605905393551289961e+01
1.035635999869555235e-01,0.000000000000000000e+00,2.605905393551289961e+01
1.032275999896228313e-01,0.000000000000000000e+00,2.607130847082786573e+01
1.031595999374985695e-01,0.000000000000000000e+00,2.607130847082786573e+01
1.026819001417607069e-01,0.000000000000000000e+00,2.607130847082786573e+01
1.027722000144422054e-01,0.000000000000000000e+00,2.607130847082786573e+01
1.025241999886929989e-01,0.000000000000000000e+00,2.607250520279221817e+01
1.026409000623971224e-01,0.000000000000000000e+00,2.608571712367865914e+01
1.032052999362349510e-01,0.000000000000000000e+00,2.608571712367865914e+01
1.035619999747723341e-01,0.000000000000000000e+00,2.608571712367865914e+01
1.027770999353379011e-01,0.000000000000000000e+00,2.607839312405682719e+01
1.030509998090565205e-01,0.000000000000000000e+00,2.607839312405682719e+01
1.035205998923629522e-01,0.000000000000000000e+00,2.607839312405682719e+01
1.031523998826742172e-01,0.000000000000000000e+00,2.607877607828542210e+01
1.036860002204775810e-01,0.000000000000000000e+00,2.607877607828542210e+01
1.028560001868754625e-01,0.000000000000000000e+00,2.609131782927182641e+01
1.024513000156730413e-01,0.000000000000000000e+00,2.609241882267902568e+01
1.032397998496890068e-01,0.000000000000000000e+00,2.609241882267902568e+01
1.035783002153038979e-01,0.000000000000000000e+00,2.609284964618619540e+01
1.037408998236060143e-01,0.000000000000000000e+00,2.609284964618619540e+01
1.033660001121461391e-01,0.000000000000000000e+00,2.609284964618619540e+01
1.027455998118966818e-01,0.000000000000000000e+00,2.609167684886112681e+01
1.026253998279571533e-01,0.000000000000000000e+00,2.609167684886112681e+01
1.032213000580668449e-01,0.000000000000000000e+00,2.609167684886112681e+01
1.035569999366998672e-01,0.000000000000000000e+00,2.609179652205756383e+01
1.026206000242382288e-01,0.000000000000000000e+00,2.609179652205756383e+01
1.024442999623715878e-01,0.000000000000000000e+00,2.609208373772900913e+01
1.031587999314069748e-01,0.000000000000000000e+00,2.609208373772900913e+01
1.026031000073999166e-01,0.000000000000000000e+00,2.609569786826135385e+01
1.026339000090956688e-01,0.000000000000000000e+00,2.609569786826135385e+01
1.024594998452812433e-01,0.000000000000000000e+00,2.609569786826135385e+01
1.032751000020653009e-01,9.000000000000000222e-01,2.609596114929351174e+01
1.033775000832974911e-01,0.000000000000000000e+00,2.609555426042562942e+01
1.031429998110979795e-01,0.000000000000000000e+00,2.609555426042562942e+01
1.036056999582797289e-01,0.000000000000000000e+00,2.609555426042562942e+01
1.033580999355763197e-01,0.000000000000000000e+00,2.609555426042562942e+01
1.029765000566840172e-01,1.699999999999999956e+00,2.609679886166855667e+01
1.036253999918699265e-01,0.000000000000000000e+00,2.609679886166855667e+01
1.029969002120196819e-01,0.000000000000000000e+00,2.609679886166855667e+01
1.031374998856335878e-01,0.000000000000000000e+00,2.609679886166855667e+01
1.035158999729901552e-01,0.000000000000000000e+00,2.609679886166855667e+01
1.031439001671969891e-01,2.700000000000000178e+00,2.609679886166855667e+01
1.026578000746667385e-01,0.000000000000000000e+00,2.609572180290064125e+01
1.032914000097662210e-01,0.000000000000000000e+00,2.609572180290064125e+01
1.034045999404042959e-01,0.000000000000000000e+00,2.609572180290064125e+01
1.030557001940906048e-01,0.000000000000000000e+00,2.609756477012574294e+01
1.031339000910520554e-01,0.000000000000000000e+00,2.610297399860461098e+01
1.035295999608933926e-01,0.000000000000000000e+00,2.610297399860461098e+01
1.030631000176072121e-01,0.000000000000000000e+00,2.610314154107962281e+01
1.029107000213116407e-01,0.000000000000000000e+00,2.610335695283320234e+01
1.032091998495161533e-01,0.000000000000000000e+00,2.610335695283320234e+01
1.029338999651372433e-01,0.000000000000000000e+00,2.610342875675106100e+01
1.034603998996317387e-01,0.000000000000000000e+00,2.610342875675106100e+01
1.035645999945700169e-01,0.000000000000000000e+00,2.609880937136866308e+01
1.026647000107914209e-01,9.000000000000000222e-01,2.609983856085800724e+01
1.024931999854743481e-01,1.000000000000000000e+00,2.610084381570806400e+01
1.030009000096470118e-01,0.000000000000000000e+00,2.610110709674022189e+01
1.032348000444471836e-01,0.000000000000000000e+00,2.610110709674022189e+01
1.031389001291245222e-01,0.000000000000000000e+00,2.610110709674022189e+01
1.023836999665945768e-01,9.000000000000000222e-01,2.610110709674022189e+01
1.033385000191628933e-01,0.000000000000000000e+00,2.610110709674022189e+01
1.034065000712871552e-01,0.000000000000000000e+00,2.610110709674022189e+01
1.033201999962329865e-01,0.000000000000000000e+00,2.610110709674022189e+01
1.037567998282611370e-01,0.000000000000000000e+00,2.610096348890450102e+01
1.026165999937802553e-01,1.100000000000000089e+00,2.609852215569722489e+01
1.026439000852406025e-01,0.000000000000000000e+00,2.610017364580802735e+01
1.031665999908000231e-01,0.000000000000000000e+00,2.610017364580802735e+01
1.030829998198896646e-01,0.000000000000000000e+00,2.610017364580802735e+01
1.031220001168549061e-01,0.000000000000000000e+00,2.610017364580802735e+01
1.033000999595969915e-01,0.000000000000000000e+00,2.610043692684018879e+01
1.033987000118941069e-01,0.000000000000000000e+00,2.610046086147947264e+01
1.031297999434173107e-01,0.000000000000000000e+00,2.610046086147947264e+01
1.029151999391615391e-01,2.100000000000000089e+00,2.603291730941145588e+01
1.027502000797539949e-01,9.000000000000000222e-01,2.597130954788663004e+01
1.024360998999327421e-01,1.100000000000000089e+00,2.591283722410840440e+01
1.022354001179337502e-01,5.700000000000000178e+00,2.590412501540792434e+01
1.027742000296711922e-01,5.599999999999999645e+00,2.590347878014717509e+01
1.026874999515712261e-01,7.799999999999999822e+00,2.589493411392170330e+01
1.026390001643449068e-01,4.099999999999999645e+00,2.586800764472378944e+01
1.028076999355107546e-01,0.000000000000000000e+00,2.583117223486104308e+01
1.027577000204473734e-01,0.000000000000000000e+00,2.578409279938344412e+01
1.028285000938922167e-01,1.000000000000000000e+00,2.582145477131050271e+01
1.025003001559525728e-01,9.000000000000000222e-01,2.575644829100691879e+01
1.026477999985218048e-01,0.000000000000000000e+00,2.570214059446463395e+01
1.028028998989611864e-01,5.700000000000000178e+00,2.569266247730697117e+01
1.027623000554740429e-01,5.900000000000000355e+00,2.563423802280731678e+01
1.026160998735576868e-01,5.000000000000000000e+00,2.562689008854620099e+01
1.023154999129474163e-01,1.800000000000000044e+00,2.559062911002634166e+01
1.028626998886466026e-01,4.299999999999999822e+00,2.562212709532807864e+01
1.026836000382900238e-01,4.500000000000000000e+00,2.571561579638323281e+01
1.027312998194247484e-01,0.000000000000000000e+00,2.589438361721810367e+01
1.026043999008834362e-01,0.000000000000000000e+00,2.589438361721810367e+01
1.031518001109361649e-01,0.000000000000000000e+00,2.589438361721810367e+01
1.026643000077456236e-01,0.000000000000000000e+00,2.589438361721810367e+01
1.024980999063700438e-01,0.000000000000000000e+00,2.594562767993164343e+01
1.026512000244110823e-01,1.100000000000000089e+00,2.598193652773007756e+01
1.026898000854998827e-01,0.000000000000000000e+00,2.600599084021354557e+01
1.027800999581813812e-01,0.000000000000000000e+00,2.600599084021354557e+01
1.025541999842971563e-01,1.199999999999999956e+00,2.600733118001362243e+01
1.029604999348521233e-01,0.000000000000000000e+00,2.600733118001362243e+01
1.035658000037074089e-01,0.000000000000000000e+00,2.600713970289932320e+01
1.031351001001894474e-01,0.000000000000000000e+00,2.600713970289932320e+01
1.034977999515831470e-01,0.000000000000000000e+00,2.600742691857076849e+01
1.036386000923812389e-01,0.000000000000000000e+00,2.600742691857076849e+01
1.026749000884592533e-01,0.000000000000000000e+00,2.600962890538517414e+01
1.026554999407380819e-01,0.000000000000000000e+00,2.600764233032434802e+01
1.032303001265972853e-01,0.000000000000000000e+00,2.600764233032434802e+01
1.036940000485628843e-01,0.000000000000000000e+00,2.600776200352078504e+01
1.032366000581532717e-01,0.000000000000000000e+00,2.600780987279935985e+01
1.031679001171141863e-01,0.000000000000000000e+00,2.600840823878153429e+01
1.030027000233530998e-01,0.000000000000000000e+00,2.600840823878153429e+01
1.029809999745339155e-01,0.000000000000000000e+00,2.600840823878153429e+01
1.035009999759495258e-01,0.000000000000000000e+00,2.600840823878153429e+01
1.035641999915242195e-01,0.000000000000000000e+00,2.600840823878153429e+01
1.026949000079184771e-01,0.000000000000000000e+00,2.601044268312093166e+01
1.026544999331235886e-01,0.000000000000000000e+00,2.600893480084585008e+01
1.032267999835312366e-01,0.000000000000000000e+00,2.600991612105661943e+01
1.025435999035835266e-01,0.000000000000000000e+00,2.600991612105661943e+01
1.027081999927759171e-01,1.000000000000000000e+00,2.600989218641733203e+01
1.033872999250888824e-01,0.000000000000000000e+00,2.601015546744949347e+01
1.030170999001711607e-01,0.000000000000000000e+00,2.601015546744949347e+01
1.030393000692129135e-01,0.000000000000000000e+00,2.601017940208877377e+01
1.024070000275969505e-01,0.000000000000000000e+00,2.601017940208877377e+01
1.024297000840306282e-01,1.100000000000000089e+00,2.601470304891402208e+01
1.024689001496881247e-01,0.000000000000000000e+00,2.601690503572843127e+01
1.032398999668657780e-01,1.899999999999999911e+00,2.603645963602593838e+01
1.032892998773604631e-01,0.000000000000000000e+00,2.602714906134328388e+01
1.028309999965131283e-01,0.000000000000000000e+00,2.602714906134328388e+01
1.029097000136971474e-01,2.799999999999999822e+00,2.602750808093258783e+01
1.037326999939978123e-01,0.000000000000000000e+00,2.602750808093258783e+01
1.031728999223560095e-01,0.000000000000000000e+00,2.602750808093258783e+01
1.031247000209987164e-01,0.000000000000000000e+00,2.602750808093258783e+01
1.030586999841034412e-01,9.000000000000000222e-01,2.602750808093258783e+01
1.029614999424666166e-01,0.000000000000000000e+00,2.602743627701472562e+01
1.025876998901367188e-01,0.000000000000000000e+00,2.603014089125415964e+01
1.032157998997718096e-01,0.000000000000000000e+00,2.603014089125415964e+01
1.036914000287652016e-01,0.000000000000000000e+00,2.602987761022200885e+01
1.027249000035226345e-01,0.000000000000000000e+00,2.602784316588260793e+01
1.032815000507980585e-01,0.000000000000000000e+00,2.602784316588260793e+01
1.036365998443216085e-01,0.000000000000000000e+00,2.602858513970050680e+01
1.026287998538464308e-01,0.000000000000000000e+00,2.602858513970050680e+01
1.025984999723732471e-01,0.000000000000000000e+00,2.602858513970050680e+01
1.026721999514847994e-01,1.199999999999999956e+00,2.604802006680158044e+01
1.027472000569105148e-01,0.000000000000000000e+00,2.604909712556949231e+01
1.025962999556213617e-01,0.000000000000000000e+00,2.605070074640172706e+01
1.032986000645905733e-01,0.000000000000000000e+00,2.605070074640172706e+01
1.034202000591903925e-01,0.000000000000000000e+00,2.605070074640172706e+01
1.031762000638991594e-01,0.000000000000000000e+00,2.605070074640172706e+01
1.034188000485301018e-01,0.000000000000000000e+00,2.604292198863343799e+01
1.031619000714272261e-01,0.000000000000000000e+00,2.604325707358345809e+01
1.031176999676972628e-01,0.000000000000000000e+00,2.604325707358345809e+01
1.029593001585453749e-01,0.000000000000000000e+00,2.604325707358345809e+01
1.034365999512374401e-01,0.000000000000000000e+00,2.604172525666908911e+01
1.027426000218838453e-01,0.000000000000000000e+00,2.605891032767718229e+01
1.026218000333756208e-01,0.000000000000000000e+00,2.618581178517703734e+01
1.028916998766362667e-01,0.000000000000000000e+00,2.618581178517703734e+01
1.025900000240653753e-01,0.000000000000000000e+00,2.618585965445561214e+01
1.028498001396656036e-01,0.000000000000000000e+00,2.618585965445561214e+01
1.031953999772667885e-01,0.000000000000000000e+00,2.618585965445561214e+01
1.027124000247567892e-01,0.000000000000000000e+00,2.617676449152653717e+01
1.034842999652028084e-01,0.000000000000000000e+00,2.617676449152653717e+01
1.026247001718729734e-01,0.000000000000000000e+00,2.617676449152653717e+01
1.031669001094996929e-01,0.000000000000000000e+00,2.677824197680973128e+01
1.028559999540448189e-01,0.000000000000000000e+00,2.678037215970627116e+01
1.031307999510318041e-01,0.000000000000000000e+00,2.678037215970627116e+01
1.034021999221295118e-01,9.000000000000000222e-01,2.678037215970627116e+01
1.032716000918298960e-01,0.000000000000000000e+00,2.678051576754199559e+01
1.035219999030232430e-01,0.000000000000000000e+00,2.678075511393486607e+01
1.031583000440150499e-01,0.000000000000000000e+00,2.678075511393486607e+01
1.030278999824076891e-01,1.100000000000000089e+00,2.677311996400230143e+01
1.029072999954223633e-01,1.000000000000000000e+00,2.677180355884151552e+01
1.023152000270783901e-01,0.000000000000000000e+00,2.677192323203795254e+01
1.031834001187235117e-01,0.000000000000000000e+00,2.677192323203795254e+01
1.026999999303370714e-01,0.000000000000000000e+00,2.677395767637734636e+01
1.033495999872684479e-01,0.000000000000000000e+00,2.677402948029520857e+01
1.035432999487966299e-01,0.000000000000000000e+00,2.677402948029520857e+01
1.023481998126953840e-01,0.000000000000000000e+00,2.677419702277021685e+01
1.031311999540776014e-01,0.000000000000000000e+00,2.677450817308095310e+01
1.031266001518815756e-01,0.000000000000000000e+00,2.677450817308095310e+01
1.031494000926613808e-01,0.000000000000000000e+00,2.677450817308095310e+01
1.028471000026911497e-01,0.000000000000000000e+00,2.677355078750947115e+01
1.033695000223815441e-01,0.000000000000000000e+00,2.677355078750947115e+01
1.030639999080449343e-01,0.000000000000000000e+00,2.677355078750947115e+01
1.026643998920917511e-01,0.000000000000000000e+00,2.677575277432387324e+01
1.031515998765826225e-01,0.000000000000000000e+00,2.677575277432387324e+01
1.026521001476794481e-01,0.000000000000000000e+00,2.677575277432387324e+01
1.032352999318391085e-01,0.000000000000000000e+00,2.677613572855246815e+01
1.031388998962938786e-01,0.000000000000000000e+00,2.678113806816345743e+01
1.030314001254737377e-01,0.000000000000000000e+00,2.678113806816345743e+01
1.031126000452786684e-01,0.000000000000000000e+00,2.678113806816345743e+01
1.031160000711679459e-01,0.000000000000000000e+00,2.678113806816345743e+01
1.026863001752644777e-01,0.000000000000000000e+00,2.677903181990620141e+01
1.026647998951375484e-01,0.000000000000000000e+00,2.677953444733122623e+01
1.027246001176536083e-01,2.600000000000000089e+00,2.678080298321344088e+01
1.032086999621242285e-01,0.000000000000000000e+00,2.678082691785272829e+01
1.023762000259011984e-01,0.000000000000000000e+00,2.678082691785272829e+01
1.032173000276088715e-01,0.000000000000000000e+00,2.678082691785272829e+01
1.031837000045925379e-01,0.000000000000000000e+00,2.678082691785272829e+01
1.038087999913841486e-01,0.000000000000000000e+00,2.678080298321344088e+01
1.030964998062700033e-01,0.000000000000000000e+00,2.678080298321344088e+01
1.025608000345528126e-01,0.000000000000000000e+00,2.678111413352417003e+01
1.029916000552475452e-01,0.000000000000000000e+00,2.678111413352417003e+01
1.026836999226361513e-01,0.000000000000000000e+00,2.678037215970627116e+01
1.031098000239580870e-01,0.000000000000000000e+00,2.678097052568845271e+01
1.031696998979896307e-01,0.000000000000000000e+00,2.678123380672060705e+01
1.031202999874949455e-01,0.000000000000000000e+00,2.678123380672060705e+01
1.032628999091684818e-01,0.000000000000000000e+00,2.678123380672060705e+01
1.032235000748187304e-01,0.000000000000000000e+00,2.678214332301351419e+01
1.030401000753045082e-01,0.000000000000000000e+00,2.678214332301351419e+01
1.031559000257402658e-01,0.000000000000000000e+00,2.678214332301351419e+01
1.033817999996244907e-01,0.000000000000000000e+00,2.678223906157066025e+01
1.035187998786568642e-01,2.000000000000000000e+00,2.678223906157066025e+01
1.026666001416742802e-01,0.000000000000000000e+00,2.678283742755284180e+01
1.025976000819355249e-01,0.000000000000000000e+00,2.678159282630991456e+01
1.023824000731110573e-01,0.000000000000000000e+00,2.678159282630991456e+01
1.029129000380635262e-01,0.000000000000000000e+00,2.678164069558848936e+01
1.028919001109898090e-01,0.000000000000000000e+00,2.678204758445636458e+01
1.035494001116603613e-01,0.000000000000000000e+00,2.678211938837422679e+01
1.033045002259314060e-01,0.000000000000000000e+00,2.678211938837422679e+01
1.030139001086354256e-01,0.000000000000000000e+00,2.678250234260282170e+01
1.034534000791609287e-01,9.000000000000000222e-01,2.678257414652068391e+01
1.034512000624090433e-01,0.000000000000000000e+00,2.678293316610998431e+01
1.025873001199215651e-01,0.000000000000000000e+00,2.678353153209216231e+01
1.033699000254273415e-01,0.000000000000000000e+00,2.678360333601002452e+01
1.024015999864786863e-01,1.100000000000000089e+00,2.678276562363497959e+01
1.027069999836385250e-01,0.000000000000000000e+00,2.678357940137073712e+01
1.030138998758047819e-01,0.000000000000000000e+00,2.678393842096004107e+01
1.026238000486046076e-01,1.000000000000000000e+00,2.676053034373732231e+01
1.022473999764770269e-01,4.000000000000000000e+00,2.672850579637127311e+01
1.026254999451339245e-01,5.700000000000000178e+00,2.663106787983374701e+01
1.025765999220311642e-01,3.500000000000000000e+00,2.661469658656142201e+01
1.027627999428659678e-01,6.000000000000000000e+00,2.661407428593995306e+01
1.024503000080585480e-01,6.099999999999999645e+00,2.661369133171136525e+01
1.026056001428514719e-01,3.500000000000000000e+00,2.660663061312168409e+01
1.026745999697595835e-01,4.400000000000000355e+00,2.658116415692028411e+01
1.026246000546962023e-01,4.099999999999999645e+00,2.649547814827269576e+01
1.027637000661343336e-01,5.500000000000000000e+00,2.646773790133902082e+01
1.024359001312404871e-01,1.000000000000000000e+00,2.646074898666720898e+01
1.026608000975102186e-01,6.500000000000000000e+00,2.636314352765468172e+01
1.025294000282883644e-01,6.200000000000000178e+00,2.635809331876511763e+01
1.026474998798221350e-01,6.299999999999999822e+00,2.641153936829306303e+01
1.027040998451411724e-01,6.200000000000000178e+00,2.637329181471238471e+01
1.024788999930024147e-01,4.299999999999999822e+00,2.627673947982848546e+01
1.027679999824613333e-01,1.899999999999999911e+00,2.618418422970552228e+01
1.030264000874012709e-01,4.299999999999999822e+00,2.640548390455344574e+01
1.025833000894635916e-01,4.400000000000000355e+00,2.667259447899675706e+01
1.024371001403778791e-01,0.000000000000000000e+00,2.667259447899675706e+01
1.024550001602619886e-01,1.100000000000000089e+00,2.667259447899675706e+01
1.032815999351441860e-01,0.000000000000000000e+00,2.667259447899675706e+01
1.033540000207722187e-01,0.000000000000000000e+00,2.667288169466819880e+01
1.030878999736160040e-01,0.000000000000000000e+00,2.667209185157172868e+01
1.025992000941187143e-01,0.000000000000000000e+00,2.667209185157172868e+01
1.033487000968307257e-01,2.299999999999999822e+00,2.675634178186209056e+01
1.023256999906152487e-01,0.000000000000000000e+00,2.677472358483453618e+01
1.033209001179784536e-01,0.000000000000000000e+00,2.677501080050597793e+01
1.031172000803053379e-01,0.000000000000000000e+00,2.677481932339167869e+01
1.035070999059826136e-01,0.000000000000000000e+00,2.677481932339167869e+01
1.032919001299887896e-01,0.000000000000000000e+00,2.677491506194882831e+01
1.026548000518232584e-01,0.000000000000000000e+00,2.677491506194882831e+01
1.032498998101800680e-01,0.000000000000000000e+00,2.677491506194882831e+01
1.031674998812377453e-01,0.000000000000000000e+00,2.688587604968352807e+01
1.026945998892188072e-01,0.000000000000000000e+00,2.688625900391211587e+01
1.032596000004559755e-01,0.000000000000000000e+00,2.688671376205857300e+01
1.025640999432653189e-01,0.000000000000000000e+00,2.688740786659789705e+01
1.030856000725179911e-01,0.000000000000000000e+00,2.688738393195860965e+01
1.036223000846803188e-01,0.000000000000000000e+00,2.688824557897294198e+01
1.031143998261541128e-01,0.000000000000000000e+00,2.688786262474434707e+01
1.032946000341325998e-01,0.000000000000000000e+00,2.688786262474434707e+01
1.032620000187307596e-01,3.100000000000000089e+00,2.688786262474434707e+01
1.036672999616712332e-01,0.000000000000000000e+00,2.688786262474434707e+01
1.030077999457716942e-01,0.000000000000000000e+00,2.688795836330149669e+01
